vehicle_number,leave_time,train,route_number,direction,service_key,trip_number,stop_time,arrive_time,dwell,location_id,door,lift,ons,offs,estimated_load,maximum_speed,train_mileage,pattern_distance,location_distance,x_coordinate,y_coordinate,data_source,schedule_status
3649,63075,4774,47,1,W,1300,63060,63075,0,2672,2,0,1,0,1,0,8.68,0,0,7565354.51,686009.69,2,5
3649,67004,4774,47,0,W,1330,66960,67004,0,4429,2,0,1,0,1,1,23.08,0,0,7597911.08,701264.31,2,3
3649,68781,4774,47,1,W,1350,68760,68781,0,9923,2,0,2,0,2,0,32.44,0,0,7582990.76,688735.69,2,5
3649,71356,4774,47,0,W,1370,71340,71356,0,13700,2,0,1,0,1,0,41.82,0,0,7598135.95,701164.73,2,5
3649,74665,4774,47,1,W,1390,74640,74665,0,2672,2,0,1,0,1,0,55.76,0,0,7565350.75,686004.34,2,5
3935,16828,7335,73,1,W,1020,16800,16828,0,14002,0,0,0,0,0,0,2.46,0,0,7671095.72,667820.06,2,5
3935,19439,7335,73,0,W,1020,19440,19439,0,10850,2,0,2,0,2,0,11.41,0,0,7673254.74,696501.24,2,5
3935,21662,7335,73,1,W,1060,21660,21662,0,14002,2,0,0,0,0,0,20.05,0,0,7671799.37,667744.41,2,5
3935,25127,7335,73,0,W,1080,25140,25127,0,10850,2,0,2,0,2,0,29.14,0,0,7673211.63,696448.73,2,5
3935,27946,7335,73,1,W,1130,27960,27946,0,14002,2,0,1,0,1,0,37.79,0,0,7671798.15,667746.99,2,5
3935,32168,7335,73,0,W,1170,32160,32168,0,10850,2,0,2,0,2,0,46.9,0,0,7673253.22,696492.16,2,5
3935,35143,7335,73,1,W,1210,35160,35143,0,14002,0,0,0,0,0,0,55.54,0,0,7671628.32,667787.81,2,5
3935,39242,7335,73,0,W,1250,39240,39242,0,10850,2,0,2,0,2,0,64.62,0,0,7673283.3,696536.25,2,5
3935,42351,7335,73,1,W,1290,42360,42351,0,14002,0,0,0,0,0,0,73.28,0,0,7671585.96,667807.13,2,5
3935,46616,7335,73,0,W,1330,46620,46616,0,10850,2,0,1,0,1,0,82.35,0,0,7673253.9,696498.71,2,5
3935,49508,7335,73,1,W,1370,49560,49508,0,14002,2,0,0,0,0,0,90.97,0,0,7671799.3,667741.49,2,5
3935,53612,7335,73,0,W,1400,53460,53612,0,10850,2,0,5,0,5,0,100.1,0,0,7673323.67,696591.75,2,5
3935,56784,7335,73,1,W,1450,56760,56784,0,14002,2,0,1,0,1,0,108.73,0,0,7671797.94,667748.82,2,5
3935,60853,7335,73,0,W,1480,60840,60853,0,10850,2,0,8,0,8,0,117.84,0,0,7673181.79,696403.9,2,5
3935,63999,7335,73,1,W,1530,63960,63999,0,14002,2,0,1,0,1,0,126.5,0,0,7671795.62,667748.15,2,5
3935,68175,7335,73,0,W,1570,68160,68175,0,10850,2,0,2,0,2,0,135.6,0,0,7673215.07,696453.01,2,5
3935,71188,7335,73,1,W,1610,71160,71188,0,14002,2,0,1,0,1,0,144.25,0,0,7671795.36,667748.16,2,5
3935,74781,7335,73,0,W,1620,74760,74781,0,10850,2,0,4,0,4,0,153.36,0,0,7673215.77,696450.44,2,5
3935,78083,7335,73,1,W,1660,78060,78083,0,14002,2,1,4,0,4,0,162.0,0,0,7671795.36,667748.16,2,5
3935,82104,7335,73,0,W,1660,82080,82104,0,10850,2,0,3,0,3,0,171.12,0,0,7673286.54,696542.73,2,5
2931,23574,4467,44,0,W,1010,23400,23574,0,10095,2,0,0,0,0,4,18.41,0,0,7623128.76,713732.26,2,5
2931,29616,4467,44,1,W,1030,29580,29616,0,4431,2,0,5,0,0,0,36.02,0,0,7629801.3,653782.67,2,5
2931,36393,4467,44,0,W,1060,36360,36393,0,10095,2,0,3,0,0,0,53.88,0,0,7623117.45,713739.87,2,5
2931,42644,4467,44,1,W,1090,42540,42644,0,4431,2,0,4,0,0,0,71.48,0,0,7629802.3,653781.92,2,5
2931,48711,4467,44,0,W,1120,48660,48711,0,10095,2,0,1,0,0,0,89.35,0,0,7623124.77,713736.02,2,5
2931,55087,4467,44,1,W,1150,54960,55087,0,4431,2,0,1,0,0,0,106.93,0,0,7629801.74,653780.11,2,5
2931,61003,4467,44,0,W,1180,60960,61003,0,10095,2,0,2,0,0,1,124.8,0,0,7623120.94,713736.49,2,5
2931,67140,4467,44,1,W,1200,67020,67140,0,4431,2,0,3,0,0,0,142.39,0,0,7629800.38,653777.23,2,5
2931,72892,4467,44,0,W,1220,72840,72892,0,10095,2,0,2,0,0,0,160.27,0,0,7623128.89,713737.0,2,5
3710,67560,7238,72,0,W,1870,67380,67560,0,13248,2,0,4,0,4,0,6.82,0,0,7671261.09,651912.9,2,5
3710,73719,7238,72,1,W,1980,73680,73719,0,115,2,0,0,0,0,0,23.39,0,0,7637661.6,696767.02,2,5
3710,80134,7238,72,0,W,2000,79980,80134,0,13248,2,0,3,0,3,0,39.86,0,0,7671229.85,651866.29,2,5
3710,85552,7238,72,1,W,2080,85500,85552,0,115,2,0,2,0,2,0,56.49,0,0,7637661.22,696771.77,2,5
3710,90143,7238,72,0,W,2070,90000,90143,0,13248,2,0,0,0,0,0,72.93,0,0,7671227.07,651868.18,2,5
3419,51146,7436,74,0,W,1210,51120,51146,0,4522,2,0,0,0,0,1,4.85,0,0,7696060.85,670799.99,2,5
3419,52604,7436,74,1,W,1210,52440,52604,0,13939,2,0,1,0,1,3,11.02,0,0,7691959.22,695307.92,2,5
3419,54940,7436,82,1,W,1150,54900,54940,0,4522,2,0,0,0,0,0,17.26,0,0,7696057.12,670804.82,2,5
3419,56919,7436,82,0,W,1150,56880,56919,0,13973,2,0,0,0,0,1,24.47,0,0,7713305.2,673292.93,2,5
3419,58955,7436,74,0,W,1270,58860,58955,0,4522,2,0,0,0,0,0,32.02,0,0,7695999.4,670815.35,2,5
3419,60350,7436,74,1,W,1270,60240,60350,0,13939,2,0,4,0,4,2,38.2,0,0,7691959.33,695312.29,2,5
3419,62490,7436,74,0,W,1300,62460,62490,0,4522,2,0,1,0,1,0,44.45,0,0,7696003.21,670813.43,2,5
3419,64044,7436,74,1,W,1300,63840,64044,0,13939,0,0,0,0,1,0,50.63,0,0,7691946.56,695313.7,2,5
3419,66086,7436,74,0,W,1330,66060,66086,0,4522,2,0,1,0,1,0,56.86,0,0,7696003.95,670812.32,2,5
3419,67483,7436,74,1,W,1330,67440,67483,0,13939,2,0,2,0,2,1,63.02,0,0,7691957.09,695304.33,2,5
3419,69669,7436,74,0,W,1350,69600,69669,0,4522,2,0,1,0,1,0,69.28,0,0,7696000.85,670811.67,2,5
3419,71018,7436,74,1,W,1350,70980,71018,0,13939,0,0,0,0,0,0,75.46,0,0,7691956.69,695371.44,2,5
3419,74366,7436,74,0,W,1370,74340,74366,0,4522,2,0,1,0,1,0,81.67,0,0,7696003.22,670814.16,2,5
3419,75815,7436,74,1,W,1370,75720,75815,0,13939,0,0,0,0,0,0,87.88,0,0,7691952.9,695415.3,2,5
3419,77958,7436,74,0,W,1380,77940,77958,0,4522,2,0,0,0,0,0,94.11,0,0,7696049.94,670805.0,2,5
3419,79337,7436,74,1,W,7436,79320,79337,0,13939,0,0,0,0,0,0,100.31,0,0,7691956.99,695352.47,2,5
3569,25795,7004,70,0,W,1075,25620,25795,0,13477,2,0,2,0,2,2,3.62,0,0,7652793.21,655564.23,2,5
3569,30758,7004,70,1,W,1130,30420,30758,0,9368,0,0,0,0,0,0,19.68,0,0,7655556.91,708199.99,2,5
3569,36153,7004,70,0,W,1170,35940,36153,0,13477,2,0,8,0,8,0,34.53,0,0,7652742.96,655547.32,2,5
3569,41490,7004,70,1,W,1220,41040,41490,0,9368,0,0,0,0,0,0,50.54,0,0,7655429.12,708277.42,2,5
3569,46913,7004,70,0,W,1260,46800,46913,0,13477,2,0,2,0,2,0,66.92,0,0,7652736.5,655546.03,2,5
3569,52273,7004,70,1,W,1310,52020,52273,0,9368,2,0,0,0,0,0,82.46,0,0,7655384.7,708369.78,2,5
3569,57765,7004,70,0,W,1360,57720,57765,0,13477,2,0,20,0,17,0,97.31,0,0,7652738.72,655542.33,2,5
3752,22343,7339,73,0,W,1050,22320,22343,0,10850,2,0,3,0,3,1,5.49,0,0,7673272.6,696548.56,2,5
3752,25272,7339,73,1,W,1100,25260,25272,0,14002,2,0,0,0,0,0,14.09,0,0,7671792.58,667739.84,2,5
3752,28666,7339,73,0,W,1120,28620,28666,0,10850,2,0,3,0,3,0,23.2,0,0,7673289.89,696543.38,2,5
3752,31573,7339,73,1,W,1170,31560,31573,0,14002,2,0,2,0,2,0,31.83,0,0,7671793.44,667743.46,2,5
3752,35850,7339,73,0,W,1210,35760,35850,0,10850,2,0,4,0,4,0,40.93,0,0,7673250.25,696496.25,2,5
3752,38775,7339,73,1,W,1250,38760,38775,0,14002,2,0,2,0,2,0,49.52,0,0,7671790.27,667739.9,2,5
3752,43068,7339,73,0,W,1260,42900,43068,0,10850,2,0,5,0,5,0,58.64,0,0,7673283.83,696536.97,2,5
3752,46073,7339,73,1,W,1330,46020,46073,0,14002,2,0,3,0,3,0,67.24,0,0,7671792.1,667740.94,2,5
3752,50182,7339,73,0,W,1370,50100,50182,0,10850,2,0,1,0,1,0,76.35,0,0,7673284.5,696542.79,2,5
3752,53178,7339,73,1,W,1410,53160,53178,0,14002,2,0,2,0,2,0,84.95,0,0,7671793.87,667740.17,2,5
3752,57204,7339,73,0,W,1440,57180,57204,0,10850,2,0,2,0,2,0,94.07,0,0,7673285.91,696538.01,2,5
3752,60390,7339,73,1,W,1490,60360,60390,0,14002,2,0,1,0,1,0,102.68,0,0,7671791.3,667739.87,2,5
3752,64622,7339,73,0,W,1520,64440,64622,0,10850,2,0,3,0,4,0,111.76,0,0,7673254.16,696498.7,2,5
3752,67577,7339,73,1,W,1570,67560,67577,0,14002,2,0,4,0,4,0,120.38,0,0,7671792.75,667736.55,2,5
3752,71122,7339,73,0,W,1580,70980,71122,0,10850,2,0,3,0,3,0,129.47,0,0,7673254.0,696492.5,2,5
3752,74950,7339,72,0,W,1950,74880,74950,0,13248,2,0,2,0,2,0,141.95,0,0,7671174.24,651780.18,2,5
3752,81241,7339,72,1,W,2050,81180,81241,0,115,2,0,2,0,2,0,158.55,0,0,7637641.41,696825.2,2,5
3752,86400,7339,72,0,W,2050,86340,86400,0,13248,2,0,1,0,1,0,174.99,0,0,7671253.97,651815.34,2,5
4206,21434,1707,17,0,W,1020,21420,21434,0,14166,0,0,0,0,0,0,3.69,0,0,7644418.96,686119.66,2,5
4206,25403,1707,17,1,W,1040,25380,25403,0,2685,2,0,1,0,1,0,13.92,0,0,7682402.35,671121.05,2,5
4206,31818,1707,17,0,W,1070,31740,31818,0,14188,2,0,1,0,1,0,30.53,0,0,7654535.47,702119.42,2,5
4206,39337,1707,17,1,W,1110,39300,39337,0,2685,2,0,2,0,2,0,45.97,0,0,7682349.49,671120.56,2,5
4206,45980,1707,17,0,W,1150,45960,45980,0,14188,2,0,1,0,1,0,62.56,0,0,7654545.64,702116.6,2,5
4206,53511,1707,17,1,W,1190,53520,53511,0,2685,2,0,1,0,1,0,78.0,0,0,7682345.83,671118.09,2,5
4206,60505,1707,17,0,W,1230,60420,60505,0,14188,2,0,0,0,0,0,94.6,0,0,7654540.44,702113.82,2,5
4206,68369,1707,17,1,W,1260,68340,68369,0,2685,2,0,2,0,2,0,110.08,0,0,7682321.27,671120.53,2,5
4206,74610,1707,17,0,W,1280,74460,74610,0,14188,2,0,0,0,0,0,126.66,0,0,7654551.24,702125.21,2,5
4206,80681,1707,17,1,W,1310,80580,80681,0,2685,2,0,0,0,0,0,142.14,0,0,7682398.8,671112.75,2,5
4206,86169,1707,17,0,W,1330,86100,86169,0,14188,2,0,0,0,0,0,158.75,0,0,7654535.8,702122.33,2,5
4206,88350,1707,17,0,W,1340,88320,88350,0,7640,2,0,6,0,6,0,164.73,0,0,7643829.8,682344.8,2,5
3957,21710,1237,12,0,W,1040,21660,21710,0,10855,0,0,0,0,2,0,5.56,0,0,7673451.73,696419.61,2,5
3957,26193,1237,12,1,W,1057,26160,26193,0,5846,2,0,3,0,3,0,20.99,0,0,7619650.05,651043.52,2,5
3957,31091,1237,12,0,W,1100,31080,31091,0,10855,2,0,2,0,2,0,36.5,0,0,7673264.23,696471.82,2,5
3957,36403,1237,12,1,W,1140,36360,36403,0,5846,2,0,2,0,2,1,52.02,0,0,7619653.54,651048.9,2,5
3957,41734,1237,12,0,W,1220,41700,41734,0,10855,2,0,4,0,4,0,67.49,0,0,7673273.15,696469.77,2,5
3957,47204,1237,12,1,W,1260,47160,47204,0,5846,2,0,5,0,6,0,83.0,0,0,7619657.08,651046.97,2,5
3612,22969,263,2,1,W,1090,22380,22969,0,14231,2,0,2,0,2,0,8.01,0,0,7710382.74,675039.41,2,5
3612,26844,263,2,0,W,1090,26640,26844,0,9302,2,0,1,0,1,0,22.95,0,0,7644620.67,686003.71,2,5
3612,32828,263,2,1,W,1250,32760,32828,0,14231,2,0,4,0,4,0,37.7,0,0,7710390.53,675043.23,2,5
3612,37239,263,2,0,W,1240,37440,37239,0,9302,2,0,1,0,1,0,52.61,0,0,7644623.49,686051.05,2,5
3612,43500,263,2,1,W,1400,43380,43500,0,14231,2,0,1,0,1,0,67.37,0,0,7710390.18,675072.05,2,5
3612,62076,1436,14,1,W,1500,62040,62076,0,1831,2,0,0,0,0,0,94.92,0,0,7672235.39,667537.39,2,5
3612,64770,1436,14,0,W,1500,64620,64770,0,3639,2,0,11,0,17,1,102.08,0,0,7643692.95,681501.57,2,5
3612,67884,1436,14,1,W,1550,67860,67884,0,1831,2,0,0,0,0,0,109.22,0,0,7672189.16,667565.93,2,5
3612,70363,1436,14,0,W,1550,70260,70363,0,3639,2,0,2,0,2,4,116.34,0,0,7643718.62,681521.67,2,5
3612,73905,1436,14,1,W,1600,73860,73905,0,1831,2,0,0,0,0,0,123.49,0,0,7672290.37,667530.15,2,5
3612,76283,1436,14,0,W,1600,76200,76283,0,3639,2,0,0,0,0,6,130.61,0,0,7643715.24,681519.93,2,5
3612,79367,1436,14,1,W,1640,79320,79367,0,1831,2,0,0,0,0,0,137.78,0,0,7672209.93,667555.19,2,5
3612,81607,1436,14,0,W,1640,81540,81607,0,3639,0,0,0,0,2,0,144.91,0,0,7643806.16,681487.21,2,5
3612,84896,1436,14,1,W,1670,84840,84896,0,1831,2,0,0,0,0,0,152.04,0,0,7672194.38,667569.08,2,5
3612,87031,1436,14,0,W,1670,86940,87031,0,3639,0,0,0,0,2,0,159.18,0,0,7643823.76,681474.33,2,5
3612,90648,1436,14,1,W,1690,90600,90648,0,1831,2,0,0,0,0,0,166.32,0,0,7672193.83,667567.63,2,5
3612,92592,1436,14,0,W,1690,92520,92592,0,3639,2,0,2,0,2,5,173.46,0,0,7643712.46,681530.95,2,5
3575,18941,7502,75,1,W,1007,18780,18941,0,10697,0,0,0,0,0,0,11.66,0,0,7622860.68,713604.08,2,5
3575,24213,7502,75,0,W,1025,24240,24213,0,13482,2,0,0,0,0,0,30.65,0,0,7652798.48,655704.87,2,5
3575,31075,7502,75,1,W,1110,31020,31075,0,10697,2,0,4,0,4,4,49.84,0,0,7623062.04,713736.32,2,5
3575,37576,7502,75,0,W,1160,37620,37576,0,13482,2,0,0,0,0,0,69.41,0,0,7652782.34,655754.54,2,5
3575,45576,7502,75,1,W,1270,45540,45576,0,10697,2,0,1,0,1,4,89.13,0,0,7623102.15,713751.24,2,5
3575,52602,7502,75,0,W,1330,52620,52602,0,13482,2,0,3,0,3,0,108.14,0,0,7652786.03,655748.6,2,5
3575,61448,7502,75,1,W,1450,61260,61448,0,10697,2,0,3,0,3,0,127.87,0,0,7623057.05,713731.71,2,5
3575,69277,7502,75,0,W,1500,69300,69277,0,13482,2,0,0,0,0,0,147.52,0,0,7652793.78,655702.08,2,5
3575,77389,7502,75,1,W,1580,77340,77389,0,10697,2,0,1,0,1,0,166.72,0,0,7623019.39,713721.83,2,5
3742,50045,2037,20,0,W,1420,49980,50045,0,14202,2,0,0,0,0,1,7.72,0,0,7708175.86,675114.18,2,5
3742,59153,2037,20,1,W,1500,59100,59153,0,9654,2,0,0,0,0,0,32.77,0,0,7612017.5,673511.25,2,5
3742,68509,2037,20,0,W,1595,68460,68509,0,14202,2,0,0,0,0,0,58.6,0,0,7708068.4,675103.61,2,5
3742,78088,2037,20,1,W,1660,78000,78088,0,9654,2,0,0,0,0,0,83.72,0,0,7612009.11,673514.04,2,5
4221,18266,404,4,1,W,1030,18180,18266,0,4818,0,0,0,0,0,0,10.81,0,0,7625691.35,708447.53,2,5
4221,22245,404,4,0,W,1030,22200,22245,0,12791,2,0,1,0,1,0,21.95,0,0,7643541.88,681272.21,2,5
4221,26949,404,4,1,W,1130,27000,26949,0,4818,2,0,1,0,1,0,32.81,0,0,7625714.11,708519.85,2,5
4221,31204,404,4,0,W,1130,31200,31204,0,12791,2,0,2,0,2,0,44.14,0,0,7643585.36,681210.85,2,5
4221,35838,404,4,1,W,1230,35640,35838,0,4818,2,0,1,0,1,0,55.02,0,0,7625719.17,708517.88,2,5
4221,40275,404,4,0,W,1230,40200,40275,0,12791,2,0,2,0,2,0,66.16,0,0,7643551.83,681260.63,2,5
4221,45338,404,4,1,W,1340,45300,45338,0,4818,2,1,4,0,4,0,77.04,0,0,7625725.11,708528.66,2,5
4221,50199,404,4,0,W,1340,50160,50199,0,12791,2,0,3,0,3,0,88.37,0,0,7643610.08,681224.41,2,5
4221,55209,404,4,1,W,1450,55200,55209,0,4818,2,0,3,0,3,0,99.27,0,0,7625712.72,708525.36,2,5
4221,60080,404,4,0,W,1450,60000,60080,0,12791,2,0,7,0,7,0,110.43,0,0,7643463.02,681286.01,2,5
4221,65533,404,4,1,W,1550,65520,65533,0,4818,2,0,4,0,4,0,121.27,0,0,7625702.97,708515.41,2,5
4221,70317,404,4,0,W,1550,70200,70317,0,12791,2,0,1,0,1,0,132.42,0,0,7643462.5,681276.18,2,5
4221,75805,404,4,1,W,1630,75780,75805,0,4818,2,0,3,0,3,0,143.29,0,0,7625693.05,708481.04,2,5
4221,80261,404,4,0,W,1630,80220,80261,0,12791,2,0,1,0,1,0,154.42,0,0,7643454.71,681272.74,2,5
4221,84684,404,4,1,W,1680,84660,84684,0,4818,2,0,1,0,1,0,165.29,0,0,7625696.9,708481.3,2,5
4221,88485,404,4,0,W,1670,88440,88485,0,12791,2,0,1,0,1,0,176.43,0,0,7643505.71,681281.21,2,5
4232,29853,1511,24,0,W,1040,29640,29853,0,10864,2,0,4,3,1,10,7.33,0,0,7673427.31,686074.7,2,4
4232,33360,1511,24,1,W,1060,33360,33360,0,1113,2,0,2,0,2,3,19.01,0,0,7640640.66,682180.48,2,5
4232,38162,1511,24,0,W,1090,37920,38162,0,8194,0,0,0,0,0,0,30.94,0,0,7673437.42,686129.15,2,5
4232,41988,1511,24,1,W,1110,42000,41988,0,1113,0,0,0,0,0,0,42.63,0,0,7640604.52,682190.58,2,5
4232,46952,1511,24,0,W,1140,46860,46952,0,8194,2,0,1,0,1,0,54.52,0,0,7673271.91,686313.19,2,5
4232,51016,1511,24,1,W,1160,51000,51016,0,1113,0,0,0,0,0,0,66.32,0,0,7640644.75,682180.0,2,5
4232,55656,1511,15,0,W,1440,55560,55656,0,8194,2,0,0,0,0,0,78.18,0,0,7673309.61,686133.51,2,5
4232,60553,1511,15,1,W,1470,60540,60553,0,14193,2,0,0,0,0,0,88.7,0,0,7638228.05,689973.87,2,5
4232,65964,1511,19,0,W,1190,65880,65964,0,8194,2,0,0,0,0,0,98.95,0,0,7673373.67,686413.44,2,5
4232,71772,1511,19,1,W,1220,71760,71772,0,13145,2,0,0,0,0,0,114.75,0,0,7672269.04,663595.71,2,5
4232,77370,1511,19,0,W,1240,77280,77370,0,8194,2,0,0,0,0,0,132.59,0,0,7673367.75,686412.14,2,5
4232,83357,1511,19,1,W,1250,83340,83357,0,1765,0,0,0,0,0,0,152.42,0,0,7671143.38,663682.52,2,5
4232,88699,1511,19,0,W,1270,88560,88699,0,8194,2,0,0,0,0,0,168.14,0,0,7673261.59,686371.08,2,5
4232,90309,1511,19,1,W,1270,90240,90309,0,7640,2,0,2,0,2,1,174.52,0,0,7643825.39,682343.1,2,5
3621,27445,7236,72,0,W,1170,27360,27445,0,13248,2,0,2,0,2,0,6.43,0,0,7671250.13,651835.86,2,5
3621,33309,7236,72,1,W,1230,33240,33309,0,115,2,0,1,0,1,0,23.06,0,0,7637644.15,696822.21,2,5
3621,39163,7236,72,0,W,1340,39060,39163,0,13248,2,0,2,0,2,0,39.57,0,0,7671240.4,651806.93,2,5
3621,45515,7236,72,1,W,1420,45480,45515,0,115,2,0,2,0,2,0,56.27,0,0,7637642.88,696822.61,2,5
3621,52652,7236,72,0,W,1570,52560,52652,0,13248,2,0,11,0,11,0,72.74,0,0,7671236.25,651845.33,2,5
3246,24973,3767,37,1,W,1010,24960,24973,0,7879,2,0,1,0,1,3,11.39,0,0,7624500.91,637884.83,2,5
3246,25985,3767,37,0,W,1010,25920,25985,0,8208,2,0,9,0,10,1,16.51,0,0,7645558.12,646942.07,2,5
3246,27970,3767,37,1,W,1020,27960,27970,0,7879,2,0,2,0,2,0,21.75,0,0,7624501.9,637892.47,2,5
3246,29114,3767,36,0,W,1010,29100,29114,0,8208,2,0,1,0,1,1,26.86,0,0,7645554.84,646943.98,2,5
3246,30796,3767,36,1,W,1030,30780,30796,0,7879,2,0,1,0,2,1,33.2,0,0,7624498.37,637904.24,2,5
3246,32353,3767,37,0,W,1020,32340,32353,0,8208,2,0,0,0,0,1,39.46,0,0,7645542.93,646931.17,2,5
3246,59695,9470,94,0,W,1240,59580,59695,0,715,0,0,0,0,0,0,67.21,0,0,7643783.81,684290.11,2,5
3532,56655,7008,70,1,W,1350,56640,56655,0,9368,2,0,0,0,0,2,9.81,0,0,7655400.06,708369.37,2,5
3532,61795,7008,70,0,W,1395,61740,61795,0,13477,2,0,5,0,5,0,24.65,0,0,7652644.17,655530.24,2,5
4237,55067,1002,10,0,W,1130,55020,55067,0,14203,2,0,4,0,4,1,13.71,0,0,7643588.62,681531.37,2,5
4237,59087,1002,10,1,W,1170,59100,59087,0,1831,2,0,1,0,1,1,25.66,0,0,7672332.77,667532.71,2,5
4237,63045,1002,10,0,W,1170,63060,63045,0,14203,2,0,4,0,4,0,38.49,0,0,7643601.66,681539.41,2,5
3713,19576,8135,9,0,W,1010,19450,19576,0,4562,0,0,0,0,0,12,0.92,0,0,7674621.77,673589.24,2,2
3713,20890,8135,81,0,W,1010,20760,20890,0,2253,2,0,1,0,4,3,7.95,0,0,7707958.25,675313.39,2,5
3713,22637,8135,81,1,W,1010,22500,22637,0,13975,2,0,0,0,0,1,14.46,0,0,7715619.31,694186.22,2,5
3713,24873,8135,81,0,W,1030,24780,24873,0,10857,2,0,15,0,15,8,21.07,0,0,7708096.18,675268.16,2,5
3713,26183,8135,81,1,W,1030,26100,26183,0,13975,0,0,0,0,0,0,27.65,0,0,7715731.28,694186.14,2,5
3713,28470,8135,81,0,W,1050,28320,28470,0,10857,2,0,3,0,3,10,34.22,0,0,7708013.38,675291.29,2,5
3713,29824,8135,81,1,W,1050,29700,29824,0,13975,2,0,1,0,1,1,40.77,0,0,7715612.35,694184.56,2,5
3713,52104,2236,22,0,W,1180,52020,52104,0,8194,2,0,0,0,0,1,57.8,0,0,7673289.79,686260.58,2,5
3713,53165,2236,22,1,W,1190,53160,53165,0,6748,0,0,0,0,0,0,61.98,0,0,7684997.41,693405.11,2,5
3713,55617,2236,25,1,W,1100,55560,55617,0,8194,2,0,1,0,1,10,67.98,0,0,7673260.61,686372.57,2,5
3713,56909,2236,25,0,W,1110,56880,56909,0,13320,0,0,0,0,1,0,73.05,0,0,7696561.62,682072.39,2,5
3713,59361,2236,22,0,W,1220,59220,59361,0,8194,0,0,0,0,0,0,78.37,0,0,7673404.4,686211.33,2,5
3713,60433,2236,22,1,W,1230,60420,60433,0,6748,0,0,0,0,2,0,82.41,0,0,7684952.69,693440.88,2,5
3713,63087,2236,25,1,W,1120,62940,63087,0,8194,2,0,1,0,1,0,88.49,0,0,7673275.47,686312.01,2,5
3713,64343,2236,25,0,W,1130,64260,64343,0,13320,0,0,0,0,0,0,93.54,0,0,7696544.75,682085.2,2,5
3713,66810,2236,22,0,W,1260,66720,66810,0,8194,2,0,0,0,0,0,98.82,0,0,7673261.85,686371.08,2,5
3713,67832,2236,22,1,W,1270,67860,67832,0,6748,0,0,0,0,0,0,102.95,0,0,7684934.48,693460.67,2,5
3401,22456,3901,39,0,W,1010,22440,22456,0,199,2,0,1,0,1,0,4.58,0,0,7640484.14,665235.32,2,5
3401,23709,3901,39,1,W,1010,23700,23709,0,12731,2,0,1,0,0,0,7.25,0,0,7644737.56,657078.82,2,5
3401,24704,3901,39,0,W,1020,24600,24704,0,929,2,0,0,0,0,8,11.11,0,0,7639707.44,668301.94,2,5
3401,26118,3901,39,1,W,1020,26100,26118,0,12731,2,0,0,0,0,0,15.02,0,0,7644742.29,657083.07,2,5
3401,27489,3901,39,0,W,1030,27420,27489,0,929,0,0,0,0,0,0,18.85,0,0,7639754.8,668336.03,2,5
3401,28879,3901,39,1,W,1030,28860,28879,0,12731,2,0,1,0,1,0,22.77,0,0,7644740.25,657083.49,2,5
3401,30158,3901,39,0,W,1040,30000,30158,0,929,2,0,1,0,1,3,26.62,0,0,7639710.79,668302.58,2,5
3401,31746,3901,39,1,W,1040,31740,31746,0,12731,2,0,1,0,1,0,30.51,0,0,7644739.58,657077.67,2,5
3401,32883,3901,39,0,W,1050,32700,32883,0,929,0,0,0,0,0,0,34.38,0,0,7639843.91,668385.77,2,5
3401,56728,5102,51,0,W,1110,56700,56728,0,7098,2,0,0,0,0,0,47.78,0,0,7644593.01,681901.87,2,5
3401,58666,5102,51,1,W,1150,58560,58666,0,1218,0,0,0,0,0,0,52.56,0,0,7637739.35,673667.89,2,5
3401,61456,5102,51,0,W,1120,61440,61456,0,7098,2,0,2,0,2,0,58.62,0,0,7644561.01,681884.85,2,5
3401,63385,5102,51,1,W,1160,63360,63385,0,1218,0,0,0,0,0,0,63.4,0,0,7637753.75,673669.32,2,5
3401,66029,5102,51,0,W,1140,66000,66029,0,7098,2,0,0,0,0,0,69.46,0,0,7644577.48,681915.41,2,5
3401,67781,5102,51,1,W,1180,67680,67781,0,1218,0,0,0,0,0,0,74.21,0,0,7637805.82,673650.4,2,5
3109,21789,7507,75,1,W,1020,21660,21789,0,10697,2,0,1,0,1,0,11.67,0,0,7622931.35,713823.51,2,5
3109,27814,7507,75,0,W,1050,27720,27814,0,13482,2,0,4,0,4,0,30.84,0,0,7652795.94,655715.52,2,5
3109,35492,7507,75,1,W,1160,35520,35492,0,10697,2,0,7,0,6,0,50.59,0,0,7623017.68,713724.79,2,5
3109,42016,7507,75,0,W,1210,42060,42016,0,13482,2,0,1,0,1,0,70.27,0,0,7652789.38,655710.22,2,5
3109,50042,7507,75,1,W,1320,49980,50042,0,10697,2,0,10,0,12,0,89.5,0,0,7623128.68,713875.61,2,5
3109,57151,7507,75,0,W,1380,57060,57151,0,13482,2,0,5,0,5,0,108.58,0,0,7652790.78,655705.08,2,5
3422,28006,6301,63,1,W,1003,28620,28006,0,10299,0,0,0,0,0,0,5.81,0,0,7633780.73,679998.66,2,5
3422,30703,6301,63,1,W,1007,32040,30703,0,10299,0,0,0,0,0,0,12.67,0,0,7633799.91,680006.16,2,5
3422,35041,6301,63,0,W,1010,34980,35041,0,5007,2,0,0,0,0,0,16.09,0,0,7642870.4,682377.26,2,5
3422,36092,6301,63,1,W,1010,36000,36092,0,11151,0,0,0,0,0,0,18.48,0,0,7636536.42,682801.02,2,5
3422,38593,6301,63,0,W,1020,38580,38593,0,5007,2,0,0,0,0,0,21.02,0,0,7642868.63,682378.04,2,5
3422,39624,6301,63,1,W,1020,39600,39624,0,11151,2,0,0,0,0,1,23.39,0,0,7636706.95,682867.12,2,5
3422,42223,6301,63,0,W,1030,42180,42223,0,5007,2,0,0,0,0,0,25.26,0,0,7642874.26,682377.89,2,5
3422,43252,6301,63,1,W,1030,43200,43252,0,11151,2,0,1,0,1,3,27.63,0,0,7636711.77,682865.16,2,5
3422,45835,6301,63,0,W,1040,45780,45835,0,5007,2,0,0,0,0,0,30.44,0,0,7642855.77,682376.56,2,5
3422,46817,6301,63,1,W,1040,46800,46817,0,11151,2,0,0,0,0,6,32.79,0,0,7636701.6,682868.36,2,5
3422,49396,6301,63,0,W,1050,49380,49396,0,5007,2,0,1,0,1,0,34.66,0,0,7642871.78,682380.87,2,5
3422,50496,6301,63,1,W,1050,50400,50496,0,11151,2,0,0,0,0,3,37.03,0,0,7636699.7,682864.76,2,5
3422,53040,6301,63,0,W,1060,52980,53040,0,5007,2,0,0,0,0,0,39.6,0,0,7642902.8,682361.8,2,5
3422,54082,6301,63,1,W,1060,54000,54082,0,11151,2,0,1,0,1,2,41.96,0,0,7636697.3,682917.72,2,5
3422,56628,6301,63,0,W,1070,56580,56628,0,5007,2,0,0,0,0,0,44.77,0,0,7642864.08,682380.72,2,5
3422,57649,6301,63,1,W,1070,57600,57649,0,11151,2,0,3,0,4,1,47.04,0,0,7636704.34,682865.37,2,5
3634,22405,1269,12,1,W,1040,22380,22405,0,5846,2,0,2,0,2,1,8.52,0,0,7619641.08,651044.14,2,5
3634,25936,1269,12,0,W,1065,27480,25936,0,10855,2,0,0,0,12,3,23.87,0,0,7673234.21,696420.06,2,5
3634,33022,1269,12,1,W,1105,32700,33022,0,5846,2,0,4,0,4,0,39.51,0,0,7619646.66,651041.8,2,5
3634,38315,1269,12,0,W,1180,38160,38315,0,10855,2,0,3,0,3,0,55.01,0,0,7673274.06,696475.21,2,5
3634,43643,1269,12,1,W,1220,43560,43643,0,5846,2,0,4,0,4,0,70.51,0,0,7619588.83,651076.61,2,5
3634,49888,1269,12,0,W,1310,49800,49888,0,10855,2,0,8,0,8,0,86.0,0,0,7673275.09,696475.55,2,5
3634,55367,1269,12,1,W,1350,55260,55367,0,5846,2,0,6,0,6,0,101.51,0,0,7619638.98,651042.38,2,5
3634,61537,1269,12,0,W,1440,61500,61537,0,10855,2,0,2,0,2,0,117.0,0,0,7673267.42,696466.26,2,5
3634,67183,1269,12,1,W,1480,67080,67183,0,5846,2,0,9,0,9,0,132.51,0,0,7619639.79,651043.81,2,5
3634,72519,1269,12,0,W,1530,72480,72519,0,10855,2,0,1,0,1,0,148.01,0,0,7673268.59,696471.71,2,5
3634,77885,1269,12,1,W,1530,77760,77885,0,5846,2,0,8,0,8,0,163.53,0,0,7619638.55,651045.67,2,5
3634,81949,1269,12,0,W,1600,83820,81949,0,10855,2,0,0,0,4,0,178.88,0,0,7673271.97,696473.81,2,5
3634,87797,1269,94,0,W,1400,87480,87797,0,3656,0,0,0,0,0,0,194.61,0,0,7619299.22,651444.75,2,5
4214,26511,604,6,1,W,1120,26340,26511,0,1026,2,0,2,0,2,3,9.66,0,0,7643967.1,716340.05,2,5
4214,30309,604,6,0,W,1130,29640,30309,0,1114,2,0,7,0,8,2,21.51,0,0,7640016.37,682419.91,2,5
4214,34158,604,6,1,W,1210,34140,34158,0,1026,2,0,5,0,5,0,32.96,0,0,7644042.46,716467.14,2,5
4214,37662,604,6,0,W,1220,37620,37662,0,1114,2,0,3,0,3,0,44.85,0,0,7640012.97,682436.42,2,5
4214,41961,604,6,1,W,1300,41940,41961,0,1026,2,0,5,0,5,0,56.28,0,0,7644048.11,716543.58,2,5
4214,45777,604,6,0,W,1310,45600,45777,0,1114,2,0,4,0,4,0,68.39,0,0,7640025.65,682450.3,2,5
4214,50730,604,6,1,W,1400,50700,50730,0,1026,2,0,3,0,3,0,79.82,0,0,7644031.64,716473.99,2,5
4214,54909,604,6,0,W,1440,54900,54909,0,1114,2,0,2,0,2,0,91.69,0,0,7640000.18,682484.91,2,5
4214,60852,604,6,1,W,1530,60840,60852,0,1026,2,0,2,0,2,0,103.1,0,0,7644042.45,716523.67,2,5
4214,64635,604,6,0,W,1570,64620,64635,0,1114,2,0,4,0,4,0,115.2,0,0,7640030.51,682421.35,2,5
4214,69822,604,6,1,W,1630,69720,69822,0,1026,2,0,7,0,6,0,126.64,0,0,7644045.12,716546.58,2,5
4214,73127,604,6,0,W,1670,73080,73127,0,1114,2,0,1,0,1,0,138.72,0,0,7640011.72,682428.06,2,5
4214,77924,604,6,1,W,1700,77820,77924,0,1026,2,0,5,0,5,0,150.18,0,0,7644041.38,716474.46,2,5
4214,81093,604,6,0,W,1740,81060,81093,0,1114,2,0,1,0,1,1,162.25,0,0,7640006.51,682434.77,2,5
4214,85308,604,6,1,W,1740,85260,85308,0,1026,2,0,1,0,1,0,173.72,0,0,7643963.18,716337.24,2,5
4214,88397,604,6,0,W,1780,88260,88397,0,1114,2,0,1,0,1,0,185.79,0,0,7640012.92,682434.59,2,5
3046,25927,7669,61,1,W,1060,25920,25927,0,9654,2,0,0,0,0,0,3.16,0,0,7612033.0,673614.4,2,5
3046,31305,7669,76,0,W,1038,31320,31305,0,9985,2,0,0,0,0,0,22.3,0,0,7612027.94,673616.73,2,5
3046,35445,7669,76,1,W,1050,35400,35445,0,3868,2,0,0,0,0,0,34.38,0,0,7625991.0,631854.45,2,5
3046,40246,7669,76,0,W,1075,40200,40246,0,9985,2,0,0,0,0,0,46.75,0,0,7612100.18,673487.01,2,5
3046,44451,7669,76,1,W,1095,44400,44451,0,3868,2,0,0,0,0,0,58.89,0,0,7625871.87,631748.7,2,5
3046,49664,7669,76,0,W,1125,49620,49664,0,9985,2,0,0,0,0,0,71.36,0,0,7612055.74,673665.18,2,5
3046,54263,7669,76,1,W,1145,54180,54263,0,3868,2,0,0,0,0,0,83.47,0,0,7625995.63,631854.69,2,5
3046,59605,7669,76,0,W,1175,59460,59605,0,9985,2,0,0,0,0,0,95.86,0,0,7612176.41,673551.22,2,5
3046,64128,7669,76,1,W,1195,64080,64128,0,3868,2,0,0,0,0,0,107.93,0,0,7625992.38,631858.06,2,5
3046,68627,7669,76,0,W,1220,68580,68627,0,9985,2,0,0,0,0,0,120.33,0,0,7612245.81,673655.02,2,5
3912,19770,7241,72,0,W,1050,19800,19770,0,13248,2,0,2,0,2,0,6.39,0,0,7671253.5,651847.45,2,5
3912,25164,7241,72,1,W,1110,25200,25164,0,115,2,0,0,0,0,1,23.0,0,0,7637649.49,696839.57,2,5
3912,30670,7241,72,0,W,1220,30660,30670,0,13248,2,0,2,0,2,0,39.5,0,0,7671233.66,651874.58,2,5
3912,36611,7241,72,1,W,1280,36660,36611,0,115,2,0,1,0,1,0,56.6,0,0,7637613.39,696774.9,2,5
3912,42594,7241,72,0,W,1390,42600,42594,0,13248,2,0,2,0,2,0,73.12,0,0,7671236.29,651867.22,2,5
3912,62665,254,2,1,W,1670,62640,62665,0,14231,2,0,0,0,0,4,109.24,0,0,7710374.3,675105.26,2,5
3912,67712,254,2,0,W,1670,67680,67712,0,9302,2,0,0,0,0,0,124.15,0,0,7644617.18,686007.45,2,5
3912,73953,254,2,1,W,1820,73920,73953,0,14231,2,0,0,0,0,0,138.9,0,0,7710396.6,675018.29,2,5
3912,78504,254,2,0,W,1820,78480,78504,0,9302,2,0,0,0,0,0,153.8,0,0,7644610.81,686008.72,2,5
3912,83549,254,2,1,W,1910,83520,83549,0,14231,2,0,0,0,0,0,168.55,0,0,7710393.49,675049.36,2,5
3912,87744,254,2,0,W,1910,87600,87744,0,9302,2,0,1,0,1,0,183.45,0,0,7644613.47,686012.3,2,5
3257,27210,3669,36,1,W,1020,27000,27210,0,7879,2,0,0,0,0,3,11.35,0,0,7624502.37,638001.87,2,5
3257,53594,4668,46,0,W,1050,53580,53594,0,9954,2,0,6,0,6,0,44.68,0,0,7565288.87,686018.28,2,5
3257,55508,4668,46,1,W,1060,55500,55508,0,10063,2,0,0,0,1,2,54.07,0,0,7580591.61,693960.39,2,5
3257,58014,4668,46,0,W,1060,57900,58014,0,9954,2,0,1,0,1,0,62.66,0,0,7565291.6,686023.66,2,5
3257,59953,4668,46,1,W,1070,59940,59953,0,10063,2,0,0,0,1,1,72.04,0,0,7580589.23,693975.06,2,5
3257,60903,4668,46,0,W,1070,60900,60903,0,10278,2,0,0,0,0,4,76.85,0,0,7570361.99,695726.43,2,5
3257,62162,4668,46,1,W,1080,62160,62162,0,10063,2,0,2,0,3,0,82.55,0,0,7580588.84,693961.94,2,5
3257,64446,4668,46,0,W,1080,64380,64446,0,9954,2,0,2,0,2,0,91.15,0,0,7565293.28,686019.97,2,5
3257,66251,4668,46,1,W,1090,66240,66251,0,10063,2,0,0,0,0,1,100.53,0,0,7580592.45,693971.31,2,5
3257,68343,4668,46,0,W,1090,68280,68343,0,9954,2,0,3,0,2,0,109.11,0,0,7565296.35,686027.9,2,5
3257,69971,4668,46,1,W,1100,69900,69971,0,10063,0,0,0,0,0,0,118.54,0,0,7580431.11,693864.9,2,5
4003,23370,6169,61,1,W,1030,23220,23370,0,9654,2,0,5,0,6,0,3.19,0,0,7612137.11,673567.66,2,5
4003,27402,6169,1,1,W,1040,27360,27402,0,6029,2,0,2,0,2,0,16.92,0,0,7632250.99,667580.74,2,5
4003,55430,5568,55,0,W,5568,55380,55430,0,1113,2,0,0,0,0,0,48.7,0,0,7640514.47,682226.57,2,5
4003,61974,5568,55,0,W,1010,61920,61974,0,12792,2,0,1,0,1,0,62.94,0,0,7640570.1,682197.71,2,5
3015,20728,2071,20,1,W,1060,20580,20728,0,9654,2,0,3,0,3,0,3.56,0,0,7612170.03,673624.35,2,5
3015,26660,2071,20,0,W,1170,28020,26660,0,14202,2,0,1,0,1,0,29.47,0,0,7708198.98,675094.29,2,5
3015,36404,2071,20,1,W,1240,36360,36404,0,9654,2,0,1,0,1,0,54.84,0,0,7612066.63,673597.02,2,5
3015,43643,2071,20,0,W,1360,45000,43643,0,14202,2,0,1,0,1,0,80.87,0,0,7708199.04,675096.85,2,5
3015,52090,2071,20,1,W,1440,53940,52090,0,9654,2,0,1,0,1,0,106.23,0,0,7612076.14,673498.64,2,5
3015,63688,2071,20,0,W,1570,63660,63688,0,14202,2,0,2,0,2,0,132.37,0,0,7708099.47,675105.06,2,5
3015,72497,2071,20,1,W,1620,72420,72497,0,9654,2,1,7,0,7,0,157.69,0,0,7612123.76,673693.15,2,5
3015,79722,2071,20,0,W,1660,81060,79722,0,14202,2,0,2,0,2,0,183.61,0,0,7708148.12,675102.07,2,5
3934,49062,8736,87,1,W,1180,49020,49062,0,4522,0,0,0,0,0,0,4.81,0,0,7696056.12,670564.13,2,5
3934,51592,8736,87,0,W,1200,53400,51592,0,8194,0,0,0,0,0,0,16.4,0,0,7673407.89,686267.77,2,5
3934,56235,8736,87,1,W,1220,56220,56235,0,4522,0,0,0,0,1,0,28.96,0,0,7696146.69,670722.39,2,5
3934,60918,8736,87,0,W,1240,60600,60918,0,8194,2,0,3,0,3,0,40.91,0,0,7673377.64,686287.51,2,5
3934,63809,8736,87,1,W,1260,63660,63809,0,4522,2,0,0,0,1,4,52.28,0,0,7696062.52,670794.84,2,5
3217,27098,9477,94,1,W,1135,27000,27098,0,14108,2,0,1,0,1,2,13.32,0,0,7600522.62,625019.99,2,5
3217,56172,3870,38,1,W,1050,55980,56172,0,7879,2,0,0,0,0,1,51.92,0,0,7624513.5,638013.97,2,5
3217,59445,3870,38,0,W,1060,61800,59445,0,9044,0,0,0,0,0,0,66.15,0,0,7642088.37,681525.58,2,5
3162,21356,2072,20,1,W,1070,21360,21356,0,9654,2,0,2,0,2,7,3.53,0,0,7612060.94,673595.36,2,5
3162,28958,2072,20,0,W,1180,28980,28958,0,14202,2,0,0,0,0,0,29.57,0,0,7708141.56,675106.61,2,5
3162,37419,2072,20,1,W,1250,37200,37419,0,9654,2,0,2,0,2,0,54.85,0,0,7612115.23,673574.12,2,5
3162,45450,2072,20,0,W,1370,45900,45450,0,14202,2,0,1,0,1,0,80.76,0,0,7708202.95,675099.67,2,5
3162,54801,2072,20,1,W,1450,54780,54801,0,9654,2,0,5,0,5,0,105.97,0,0,7612018.87,673514.49,2,5
3162,64618,2072,20,0,W,1575,64680,64618,0,14202,2,0,1,0,1,0,131.98,0,0,7708008.69,675116.34,2,5
3162,73716,2072,20,1,W,1630,73620,73716,0,9654,2,0,3,0,4,0,157.29,0,0,7612098.13,673649.02,2,5
3162,82926,2072,20,0,W,1670,82980,82926,0,14202,2,0,8,0,8,0,183.19,0,0,7708160.26,675105.43,2,5
3110,23724,6803,68,1,W,1040,23700,23724,0,3052,2,0,1,0,1,0,3.52,0,0,7640849.14,682388.93,2,5
3110,26279,6803,68,1,W,1060,26280,26279,0,3052,2,0,0,0,0,0,9.46,0,0,7640803.63,682412.77,2,5
3110,29889,6803,68,1,W,1090,29880,29889,0,3052,2,0,0,0,0,0,15.37,0,0,7640799.6,682405.95,2,5
3110,42986,7208,72,1,W,1370,42966,42986,0,3153,2,0,2,0,4,5,28.67,0,0,7645060.39,698733.41,2,2
3110,49154,7208,72,0,W,1480,48960,49154,0,13248,2,0,1,0,1,0,43.04,0,0,7671223.87,651943.76,2,5
3110,55529,7208,72,1,W,1660,55440,55529,0,115,2,0,1,0,1,0,60.05,0,0,7637611.4,696758.54,2,5
3110,62117,7208,72,0,W,1800,61920,62117,0,13248,2,1,3,0,3,0,76.54,0,0,7671255.56,651827.33,2,5
3110,68992,7208,72,1,W,1930,68940,68992,0,115,2,0,1,0,1,0,93.55,0,0,7637621.6,696756.44,2,5
3939,20912,1235,12,0,W,1035,20760,20912,0,10855,2,0,2,0,2,1,5.49,0,0,7673250.57,696458.67,2,5
3939,25301,1235,12,1,W,1053,25200,25301,0,5846,2,0,4,0,4,0,20.98,0,0,7619653.18,651045.26,2,5
3939,30283,1235,12,0,W,1090,30180,30283,0,10855,2,0,3,0,3,0,36.46,0,0,7673270.55,696468.37,2,5
3939,35583,1235,12,1,W,1130,35460,35583,0,5846,2,0,5,0,5,0,51.96,0,0,7619651.45,651047.5,2,5
3939,40950,1235,12,0,W,1210,40800,40950,0,10855,2,0,3,0,3,0,67.43,0,0,7673263.75,696472.92,2,5
3939,46482,1235,12,1,W,1250,46260,46482,0,5846,2,1,7,0,7,0,82.92,0,0,7619591.28,651081.65,2,5
3937,53883,2238,22,0,W,1190,53820,53883,0,8194,2,0,2,0,1,0,3.75,0,0,7673326.73,686060.86,2,5
3937,54878,2238,22,1,W,1200,54960,54878,0,6748,0,0,0,0,0,0,7.87,0,0,7684998.37,693392.33,2,5
3937,57506,2238,23,0,W,1100,57480,57506,0,8194,2,0,1,0,1,0,13.81,0,0,7673317.78,686051.97,2,5
3937,59002,2238,23,1,W,1110,59040,59002,0,10790,0,0,0,0,1,0,19.09,0,0,7687162.46,693857.35,2,5
3937,61238,2238,22,0,W,1230,61260,61238,0,8194,2,0,1,0,1,0,24.22,0,0,7673314.45,686052.05,2,5
3937,62392,2238,22,1,W,1240,62460,62392,0,6748,0,0,0,0,0,0,28.32,0,0,7684892.01,693504.4,2,5
3937,65111,2238,23,0,W,1120,65100,65111,0,8194,2,0,1,0,1,0,34.27,0,0,7673320.95,686055.53,2,5
3937,66388,2238,23,1,W,1130,66660,66388,0,10790,0,0,0,0,0,0,39.55,0,0,7687166.64,693829.89,2,5
3937,68945,2238,23,0,W,1130,68940,68945,0,8194,2,0,1,0,0,0,44.68,0,0,7673316.28,686053.1,2,5
3937,70136,2238,23,1,W,1140,70320,70136,0,10790,0,0,0,0,0,0,50.06,0,0,7687169.53,693760.52,2,5
3916,21382,5537,155,0,W,1020,21360,21382,0,13248,2,0,2,0,2,0,6.44,0,0,7671257.17,651910.45,2,5
3916,22503,5537,155,1,W,1020,22500,22503,0,13888,2,0,0,0,1,1,11.91,0,0,7692309.16,648053.76,2,5
3916,25529,5537,155,0,W,1040,25380,25529,0,13248,2,0,5,0,5,0,17.43,0,0,7671228.12,651879.1,2,5
3916,26694,5537,155,1,W,1040,26700,26694,0,13888,2,0,0,0,2,1,22.94,0,0,7692311.07,648037.66,2,5
3916,29273,5537,155,0,W,1060,29220,29273,0,13248,2,0,2,0,2,0,28.45,0,0,7671245.93,651852.38,2,5
3916,30541,5537,155,1,W,1060,30540,30541,0,13888,0,0,0,0,0,0,33.96,0,0,7692318.03,647955.07,2,5
3901,25102,1934,19,0,W,1007,25020,25102,0,8194,2,0,0,0,0,2,3.05,0,0,7673259.21,686378.07,2,5
3901,29758,1934,19,1,W,1020,29760,29758,0,13145,2,0,0,0,0,0,18.9,0,0,7672275.47,663596.28,2,5
3901,36080,1934,19,0,W,1050,35940,36080,0,8194,2,0,4,0,4,1,36.8,0,0,7673437.28,686043.44,2,5
3901,41851,1934,19,1,W,1080,41880,41851,0,13145,2,0,2,0,2,0,53.09,0,0,7672275.77,663598.09,2,5
3901,48440,1934,19,0,W,1110,48360,48440,0,8194,2,0,1,0,1,0,70.87,0,0,7673257.43,686378.48,2,5
3901,54435,1934,19,1,W,1140,54480,54435,0,13145,2,0,3,0,3,0,87.3,0,0,7672269.94,663600.8,2,5
3901,61111,1934,19,0,W,1170,61020,61111,0,8194,2,0,0,0,0,0,105.03,0,0,7673299.48,686198.33,2,5
3901,67159,1934,19,1,W,1200,67140,67159,0,13145,2,0,1,0,1,0,120.93,0,0,7672267.34,663599.4,2,5
3901,73186,1934,19,0,W,1220,73080,73186,0,8194,2,0,2,0,2,0,138.67,0,0,7673285.75,686262.87,2,5
3901,80024,1934,19,1,W,1240,79809,80024,0,1762,0,0,0,0,0,9,156.9,0,0,7669742.2,663782.66,2,2
3901,85050,1934,19,0,W,1260,84960,85050,0,8194,2,0,1,0,1,0,172.32,0,0,7673257.56,686383.59,2,5
3901,86889,1934,19,1,W,1260,86640,86889,0,7640,2,0,0,0,0,2,178.66,0,0,7643874.52,682386.63,2,5
3037,19969,8867,88,0,W,1010,19920,19969,0,9985,2,0,1,0,1,0,3.11,0,0,7612237.99,673668.74,2,5
3037,23310,8867,88,1,W,1040,23280,23310,0,9621,2,0,4,0,4,0,14.39,0,0,7594585.25,683650.13,2,5
3037,26696,8867,88,0,W,1050,26640,26696,0,9985,2,0,1,0,1,0,25.31,0,0,7612244.66,673659.8,2,5
3037,30502,8867,88,1,W,1080,30480,30502,0,9621,2,0,4,0,4,0,36.57,0,0,7594582.56,683672.09,2,5
3037,33661,8867,88,0,W,1090,33600,33661,0,9985,2,0,0,0,0,0,47.5,0,0,7612218.62,673601.08,2,5
3037,37707,8867,88,1,W,1120,37680,37707,0,9621,2,0,1,0,1,0,58.74,0,0,7594579.63,683659.78,2,5
3037,41065,8867,88,0,W,1130,40980,41065,0,9985,2,0,1,0,1,0,69.66,0,0,7612216.88,673602.96,2,5
3037,44902,8867,88,1,W,1160,44880,44902,0,9621,2,0,3,0,3,0,80.9,0,0,7594583.66,683665.86,2,5
3037,48402,8867,88,0,W,1170,48420,48402,0,9985,2,0,2,0,2,0,91.76,0,0,7612242.79,673656.93,2,5
3037,52250,8867,88,1,W,1200,52200,52250,0,9621,2,0,7,0,7,0,103.07,0,0,7594583.53,683661.49,2,5
3037,55847,8867,88,0,W,1210,55860,55847,0,9985,2,0,1,0,1,0,114.0,0,0,7612027.96,673617.46,2,5
3037,59469,8867,88,1,W,1240,59460,59469,0,9621,2,0,11,0,12,0,125.23,0,0,7594583.86,683664.03,2,5
3037,63196,8867,88,0,W,1250,63060,63196,0,9985,2,0,10,0,10,0,136.16,0,0,7612217.44,673604.77,2,5
3037,66854,8867,88,1,W,1280,66780,66854,0,9621,2,0,5,0,5,0,147.39,0,0,7594583.71,683667.68,2,5
3037,70067,8867,88,0,W,1290,70020,70067,0,9985,2,0,0,0,0,0,158.31,0,0,7612249.33,673661.49,2,5
3037,73325,8867,88,1,W,1310,73320,73325,0,9621,2,0,2,0,2,0,169.56,0,0,7594582.61,683673.92,2,5
3037,76433,8867,88,0,W,1320,76380,76433,0,9985,2,0,1,0,1,0,180.49,0,0,7612025.28,673631.4,2,5
3707,28339,947,9,1,W,1205,28320,28339,0,4710,0,0,0,0,0,2,0.42,0,0,7673495.87,673756.17,2,5
3627,25275,5967,59,1,W,1020,25260,25275,0,9871,2,0,2,0,2,1,2.22,0,0,7594764.51,683659.46,2,5
3627,27501,5967,59,0,W,1020,27480,27501,0,9972,2,0,1,0,2,0,8.41,0,0,7617355.36,680258.01,2,5
3627,29037,5967,59,1,W,1030,28980,29037,0,9871,2,2,1,0,1,1,15.16,0,0,7594757.74,683647.26,2,5
3627,31161,5967,59,0,W,1030,31140,31161,0,9972,2,0,1,0,1,0,21.34,0,0,7617356.56,680255.06,2,5
3627,56342,9668,96,0,W,1150,56280,56342,0,14070,2,0,0,0,0,0,40.68,0,0,7641312.07,681881.43,2,5
3627,60790,9668,96,1,W,1190,60780,60790,0,13493,2,0,1,0,1,0,56.57,0,0,7616986.48,616548.91,2,5
3627,65358,9668,96,0,W,1200,65280,65358,0,14070,2,0,0,0,0,0,72.56,0,0,7641312.31,681909.51,2,5
3266,29148,7672,76,1,W,1025,29100,29148,0,3868,2,0,1,0,1,0,12.96,0,0,7625989.56,631849.02,2,5
3266,34083,7672,76,0,W,1048,33960,34083,0,9985,2,0,10,0,10,0,25.4,0,0,7612246.41,673667.04,2,5
3266,38145,7672,76,1,W,1065,38100,38145,0,3868,2,0,1,0,1,0,37.49,0,0,7626000.71,631852.36,2,5
3266,42851,7672,76,0,W,1090,42720,42851,0,9985,2,0,7,0,6,1,49.99,0,0,7611930.73,673446.24,2,5
3266,47083,7672,76,1,W,1110,47040,47083,0,3868,0,0,0,0,0,0,62.08,0,0,7625691.71,632027.26,2,5
3266,52288,7672,76,0,W,1140,52320,52288,0,9985,2,0,0,0,0,0,74.46,0,0,7612028.25,673627.66,2,5
3266,56843,7672,76,1,W,1160,56820,56843,0,3868,2,0,2,0,2,1,86.56,0,0,7625998.34,631859.72,2,5
3266,62164,7672,76,0,W,1190,62160,62164,0,9985,2,0,0,0,0,0,98.95,0,0,7612021.16,673622.03,2,5
3266,66916,7672,76,1,W,1210,66900,66916,0,3868,0,0,0,0,0,0,111.04,0,0,7625705.61,631991.13,2,5
3205,18224,3567,35,0,W,1010,18180,18224,0,9635,2,0,2,0,2,0,17.34,0,0,7631494.05,704101.76,2,5
3205,25088,3567,35,1,W,1030,25080,25088,0,8762,2,0,9,0,9,0,38.95,0,0,7661404.16,624455.53,2,5
3205,30151,3567,35,0,W,1050,30120,30151,0,9635,2,0,0,0,0,0,60.68,0,0,7631491.39,704098.18,2,5
3205,36102,3567,35,1,W,1080,36060,36102,0,8762,2,0,5,0,5,0,82.28,0,0,7661401.19,624450.14,2,5
3205,41820,3567,35,0,W,1100,41820,41820,0,9635,2,0,1,0,1,0,103.98,0,0,7631491.04,704094.55,2,5
3205,48009,3567,35,1,W,1130,48000,48009,0,8762,2,0,2,0,2,0,125.58,0,0,7661191.13,624302.43,2,5
3205,53839,3567,35,0,W,1150,53820,53839,0,9635,2,0,2,0,2,0,147.3,0,0,7631490.48,704093.1,2,5
3205,60053,3567,35,1,W,1180,60000,60053,0,8762,2,0,6,0,6,0,168.95,0,0,7661191.75,624296.58,2,5
3205,65831,3567,35,0,W,1200,65820,65831,0,9635,2,0,0,0,0,0,190.62,0,0,7631490.45,704092.01,2,5
3205,72157,3567,35,1,W,1230,72120,72157,0,8762,2,0,6,0,6,0,212.28,0,0,7661190.35,624302.08,2,5
3304,20233,253,2,1,W,1060,20280,20233,0,14231,2,0,2,0,2,0,7.99,0,0,7710384.51,675103.19,2,5
3304,24454,253,2,0,W,1060,24480,24454,0,9302,2,0,2,0,2,0,22.95,0,0,7644619.0,685837.07,2,5
3304,29835,253,2,1,W,1210,29880,29835,0,14231,2,0,2,0,2,0,37.67,0,0,7710398.09,675199.88,2,5
3304,34542,253,2,0,W,1200,34560,34542,0,9302,2,0,9,0,9,1,52.65,0,0,7644623.28,685662.61,2,5
3304,40441,253,2,1,W,1360,40500,40441,0,14231,2,0,4,0,4,0,67.35,0,0,7710397.33,675081.37,2,5
3304,56618,1536,15,0,W,1450,56520,56618,0,8194,0,0,0,0,0,17,95.16,0,0,7673229.82,686471.83,2,5
3304,62648,1536,15,1,W,1500,62640,62648,0,6470,2,0,5,0,5,0,108.22,0,0,7630745.28,695873.95,2,5
3304,68326,1536,15,0,W,1560,68400,68326,0,8194,2,0,1,0,1,0,120.83,0,0,7673375.05,686347.03,2,5
3304,73612,1536,15,1,W,1580,73620,73612,0,8484,2,0,2,0,2,0,131.99,0,0,7636677.5,689625.17,2,5
3304,78644,1536,15,0,W,1610,78660,78644,0,8194,2,0,1,0,1,0,142.44,0,0,7673375.18,686351.77,2,5
3304,83498,1536,15,1,W,1630,83520,83498,0,8484,2,0,1,0,1,0,153.59,0,0,7636675.66,689895.86,2,5
3140,16615,7201,72,1,W,1010,16620,16615,0,115,2,0,2,0,2,7,6.58,0,0,7637660.17,696780.19,2,5
3140,21533,7201,72,0,W,1070,21480,21533,0,13248,2,0,3,0,3,0,23.08,0,0,7671238.42,651879.93,2,5
3140,27069,7201,72,1,W,1140,27060,27069,0,1041,2,0,1,0,1,0,41.42,0,0,7637626.8,696749.73,2,5
3140,32798,7201,72,0,W,1250,32760,32798,0,13248,2,0,2,0,2,0,57.97,0,0,7671235.38,651881.83,2,5
3140,38567,7201,72,1,W,1310,38580,38567,0,115,2,0,1,0,1,0,74.63,0,0,7637641.68,696835.04,2,5
3140,53927,9902,99,0,W,1050,53880,53927,0,13188,2,0,1,0,1,3,102.76,0,0,7645862.51,684324.23,2,5
3140,60830,9902,99,1,W,1130,60780,60830,0,14019,2,0,3,0,3,0,121.19,0,0,7668375.7,610368.32,2,5
3955,22640,7935,79,0,W,1002,22620,22640,0,13248,2,0,2,0,2,2,6.36,0,0,7671180.72,651762.51,2,5
3955,24622,7935,31,1,W,1005,24600,24622,0,8760,2,0,4,0,4,0,13.66,0,0,7661169.36,624473.32,2,5
3955,27434,7935,79,0,W,1008,27360,27434,0,13248,2,0,4,0,4,0,21.86,0,0,7671244.57,651869.56,2,5
3955,29414,7935,79,1,W,1020,29400,29414,0,8760,2,1,6,0,7,0,29.17,0,0,7661160.65,624494.33,2,5
3955,32327,7935,79,0,W,1020,32160,32327,0,13248,2,0,4,0,4,0,36.64,0,0,7671224.95,651925.5,2,5
3955,34209,7935,79,1,W,1040,34200,34209,0,8760,2,0,2,0,2,0,43.93,0,0,7661166.58,624475.21,2,5
3955,36999,7935,79,0,W,1040,36900,36999,0,13248,2,0,4,0,5,5,51.43,0,0,7671180.86,651758.13,2,5
3955,39022,7935,79,1,W,1060,39000,39022,0,8760,2,0,1,0,1,0,58.66,0,0,7661166.86,624475.94,2,5
3955,41762,7935,79,0,W,1060,41700,41762,0,13248,2,0,3,0,4,0,66.12,0,0,7671225.86,651961.22,2,5
3955,43822,7935,79,1,W,1080,43800,43822,0,8760,2,0,6,0,6,0,73.43,0,0,7661159.27,624480.87,2,5
3955,46504,7935,79,0,W,1080,46440,46504,0,13248,2,0,4,0,4,0,80.86,0,0,7671249.42,651828.22,2,5
3955,48615,7935,79,1,W,1100,48600,48615,0,8760,2,0,7,0,8,0,88.15,0,0,7661159.3,624481.97,2,5
3955,51421,7935,79,0,W,1100,51360,51421,0,13248,2,0,3,0,3,0,95.62,0,0,7671224.15,651954.7,2,5
3955,53648,7935,79,1,W,1120,53580,53648,0,8760,2,1,5,0,5,0,102.92,0,0,7661164.17,624481.48,2,5
3955,56491,7935,79,0,W,1120,56340,56491,0,13248,2,0,5,0,5,0,110.37,0,0,7671246.56,651826.83,2,5
3955,58628,7935,79,1,W,1140,58620,58628,0,8760,2,0,3,0,3,0,117.68,0,0,7661167.28,624472.64,2,5
3955,61609,7935,79,0,W,1140,61500,61609,0,13248,2,0,5,0,5,0,125.12,0,0,7671239.32,651864.95,2,5
3955,63676,7935,79,1,W,1160,63660,63676,0,8760,2,0,1,0,1,0,132.43,0,0,7661158.52,624481.62,2,5
3955,66766,7935,79,0,W,1160,66660,66766,0,13248,2,0,5,0,5,0,139.89,0,0,7671213.08,651973.58,2,5
3955,68707,7935,79,1,W,1180,68700,68707,0,8760,2,0,2,0,2,0,147.21,0,0,7661163.0,624476.04,2,5
3955,71828,7935,79,0,W,1180,71760,71828,0,13248,2,0,3,0,3,0,154.65,0,0,7671226.23,651925.46,2,5
3955,73943,7935,79,1,W,1200,73920,73943,0,8760,2,0,2,0,2,0,161.96,0,0,7661171.11,624471.45,2,5
3955,77262,7935,79,0,W,1200,77160,77262,0,13248,2,0,3,0,3,0,169.39,0,0,7671248.93,651809.27,2,5
3955,79326,7935,79,1,W,1220,79320,79326,0,8760,2,0,1,0,1,0,176.7,0,0,7661168.14,624475.9,2,5
3220,21797,6767,67,0,W,1010,21720,21797,0,12899,2,0,2,0,2,0,0.24,0,0,7601746.3,679059.7,2,5
3220,22905,6767,67,1,W,1010,22740,22905,0,4429,0,0,0,0,0,0,6.38,0,0,7598149.12,700694.53,2,5
3220,25325,6767,67,0,W,1020,25320,25325,0,12899,2,0,6,0,6,0,12.22,0,0,7601719.67,679043.33,2,5
3220,26515,6767,67,1,W,1020,26340,26515,0,4429,2,0,0,0,0,2,18.3,0,0,7597943.03,701270.31,2,5
3220,28954,6767,67,0,W,1030,28920,28954,0,12899,2,0,15,0,15,0,24.29,0,0,7601715.86,679044.9,2,5
3220,30405,6767,67,1,W,1030,29940,30405,0,4429,2,0,0,0,0,5,30.37,0,0,7597932.22,701268.8,2,5
3220,32412,6767,67,0,W,1040,32400,32412,0,12899,2,0,4,0,4,0,36.35,0,0,7601718.46,679045.92,2,5
3220,33744,6767,67,1,W,1040,33540,33744,0,4429,2,0,0,0,1,4,42.43,0,0,7597947.72,701273.09,2,5
3220,36087,6767,67,0,W,1050,36000,36087,0,12899,2,0,11,0,12,0,48.39,0,0,7601717.05,679041.59,2,5
3220,37397,6767,67,1,W,1050,37140,37397,0,4429,2,0,2,0,2,4,54.47,0,0,7597945.79,701268.41,2,5
3220,39621,6767,67,0,W,1060,39600,39621,0,12899,2,0,3,0,2,0,60.46,0,0,7601716.85,679043.42,2,5
3220,40861,6767,67,1,W,1060,40800,40861,0,4429,2,0,2,0,2,1,66.55,0,0,7597944.32,701270.64,2,5
3220,43217,6767,67,0,W,1070,43200,43217,0,12899,2,0,4,0,3,0,72.43,0,0,7601720.71,679044.03,2,5
3220,44447,6767,67,1,W,1070,44400,44447,0,4429,2,0,0,0,0,6,78.55,0,0,7597948.95,701271.23,2,5
3220,46900,6767,67,0,W,1080,46800,46900,0,12899,2,0,9,0,8,0,84.43,0,0,7601716.23,679039.79,2,5
3220,48095,6767,67,1,W,1080,48000,48095,0,4429,2,0,3,0,3,2,90.48,0,0,7598036.86,701298.58,2,5
3408,23390,5203,152,0,W,1010,23340,23390,0,8225,2,0,5,0,6,3,3.63,0,0,7652790.0,655559.21,2,5
3408,25514,5203,152,1,W,1020,25320,25514,0,13248,2,1,3,0,3,0,8.85,0,0,7671235.47,651835.14,2,5
3408,26949,5203,152,0,W,1030,26940,26949,0,8225,2,0,3,0,4,3,14.07,0,0,7652784.26,655555.71,2,5
3408,29001,5203,152,1,W,1040,28920,29001,0,13248,2,0,1,0,2,0,19.29,0,0,7671234.89,651812.54,2,5
3408,56762,2602,26,0,W,1010,56760,56762,0,1113,2,0,0,0,0,0,31.9,0,0,7640461.4,682255.37,2,5
3044,25154,9475,94,1,W,1090,25140,25154,0,14108,2,0,0,0,0,3,13.53,0,0,7600483.65,624961.66,2,5
3044,56470,5475,54,1,W,1190,56400,56470,0,9654,2,0,0,0,0,0,44.08,0,0,7612102.56,673642.69,2,5
3044,59703,5475,56,0,W,1190,59700,59703,0,13170,2,0,2,0,2,0,53.74,0,0,7644132.99,684213.21,2,5
3044,63485,5475,56,1,W,1230,63420,63485,0,9650,2,0,10,0,9,0,63.88,0,0,7617397.95,659288.5,2,5
3044,66328,5475,54,0,W,1230,66300,66328,0,13170,2,0,1,0,2,0,73.9,0,0,7644161.03,684216.83,2,5
3044,71355,5475,54,1,W,1250,71220,71355,0,9654,2,0,1,0,1,0,83.64,0,0,7612106.59,673648.78,2,5
3044,73884,5475,56,0,W,1250,73860,73884,0,13170,2,0,1,0,1,0,93.26,0,0,7644122.85,684226.98,2,5
3044,77109,5475,56,1,W,1270,77040,77109,0,9650,2,0,9,0,10,0,103.42,0,0,7617394.87,659297.71,2,5
3044,79471,5475,54,0,W,1270,79260,79471,0,13170,2,0,1,0,1,1,113.41,0,0,7644137.42,684234.98,2,5
3044,82464,5475,54,1,W,1280,82380,82464,0,9654,2,0,2,0,1,0,123.15,0,0,7612101.47,673649.29,2,5
3044,84693,5475,56,0,W,1280,84660,84693,0,13170,2,0,0,0,0,0,132.79,0,0,7644139.58,684229.45,2,5
2909,22198,4367,43,1,W,1010,22080,22198,0,9650,2,0,0,0,0,2,6.7,0,0,7617405.18,659335.72,2,5
2909,24993,4367,43,0,W,1010,24900,24993,0,10491,2,0,1,0,1,2,17.46,0,0,7642770.45,679693.29,2,5
2909,30601,4367,43,1,W,1030,30480,30601,0,9650,2,0,1,0,1,0,28.06,0,0,7617398.66,659377.48,2,5
2909,33357,4367,43,0,W,1030,33300,33357,0,10491,2,0,0,0,0,2,38.84,0,0,7642825.38,679827.85,2,5
2909,58845,4874,48,1,W,1270,58800,58845,0,10032,2,0,2,0,2,4,62.17,0,0,7593032.96,689867.58,2,5
2909,61525,4874,48,0,W,1290,61440,61525,0,11939,2,0,7,0,7,0,68.33,0,0,7617144.66,680370.83,2,5
2909,62725,4874,48,1,W,1310,62760,62725,0,10008,2,0,0,0,0,4,74.05,0,0,7593649.66,689873.15,2,5
2909,65555,4874,48,0,W,1330,65400,65555,0,11939,2,1,13,0,11,0,81.01,0,0,7617104.42,680398.96,2,5
3622,22661,7138,71,1,W,1030,22440,22661,0,13248,2,0,4,0,5,1,8.17,0,0,7671182.4,651767.93,2,5
3622,27085,7138,71,0,W,1050,27060,27085,0,10850,2,0,7,0,8,0,21.4,0,0,7673324.48,696593.56,2,5
3622,32832,7138,71,1,W,1090,32700,32832,0,13248,2,0,13,0,12,0,34.78,0,0,7671183.07,651744.21,2,5
3622,37224,7138,71,0,W,1110,37080,37224,0,10850,2,0,4,0,5,0,48.02,0,0,7673261.19,696503.26,2,5
3622,42978,7138,71,1,W,1170,42840,42978,0,13248,2,0,3,0,3,0,61.24,0,0,7671237.41,651840.56,2,5
3622,47235,7138,71,0,W,1190,47220,47235,0,10850,2,0,3,0,3,0,74.5,0,0,7673295.26,696553.09,2,5
3622,53123,7138,71,1,W,1250,52980,53123,0,13248,2,0,2,0,2,0,87.73,0,0,7671210.32,651916.02,2,5
3622,57859,7138,71,0,W,1270,57780,57859,0,10850,2,0,2,0,2,0,100.99,0,0,7673257.79,696500.43,2,5
3622,63393,7138,71,1,W,1330,63300,63393,0,13248,2,0,1,0,1,0,114.25,0,0,7671213.82,651942.19,2,5
3622,67781,7138,71,0,W,1350,67740,67781,0,10850,2,0,0,0,0,0,127.49,0,0,7673260.04,696508.4,2,5
3622,72996,7138,71,1,W,1390,72900,72996,0,13248,2,0,0,0,0,0,140.76,0,0,7671231.32,651903.82,2,5
3622,77040,7138,71,0,W,1410,76980,77040,0,10850,2,0,0,0,0,0,154.03,0,0,7673259.32,696510.24,2,5
3622,81388,7138,71,1,W,1430,81300,81388,0,13248,2,0,0,0,0,0,167.28,0,0,7671228.2,651882.01,2,5
4205,31330,3312,33,0,W,1070,31200,31330,0,13248,2,0,1,0,0,8,9.4,0,0,7671179.41,651761.81,2,5
4205,37048,3312,33,1,W,1150,36960,37048,0,1068,2,0,2,0,0,0,25.2,0,0,7668318.46,610213.33,2,5
4205,42312,3312,33,0,W,1190,42180,42312,0,13248,2,0,1,0,0,0,41.03,0,0,7671228.87,651908.26,2,5
4205,47794,3312,33,1,W,1270,47700,47794,0,1068,2,0,3,0,0,0,56.92,0,0,7668339.75,610240.86,2,5
4205,53177,3312,33,0,W,1310,52980,53177,0,13248,2,0,4,0,0,0,72.76,0,0,7671209.74,651963.45,2,5
4205,58599,3312,33,1,W,1390,58440,58599,0,1068,2,0,10,0,0,0,88.63,0,0,7668313.15,610206.9,2,5
4205,63888,3312,33,0,W,1430,63840,63888,0,13248,2,0,5,0,0,0,104.48,0,0,7671216.37,651921.34,2,5
4205,69569,3312,33,1,W,1500,69540,69569,0,1068,2,0,2,0,0,0,120.36,0,0,7668338.54,610243.81,2,5
4205,74044,3312,33,0,W,1530,73980,74044,0,13248,2,0,3,0,0,0,136.19,0,0,7671222.65,651885.8,2,5
4205,79710,3312,33,1,W,1550,79680,79710,0,1068,2,0,1,0,0,0,152.07,0,0,7668334.78,610247.56,2,5
4205,86039,3312,33,0,W,1580,85980,86039,0,13248,2,0,3,0,0,0,167.92,0,0,7671217.68,651902.34,2,5
3251,18528,5769,57,1,W,1050,18480,18528,0,146,2,0,2,0,2,0,14.92,0,0,7531848.14,685998.8,2,5
3251,22404,5769,57,0,W,1080,22380,22404,0,9654,2,0,1,0,1,0,31.31,0,0,7612129.77,673579.91,2,5
3251,26432,5769,57,1,W,1140,26400,26432,0,146,2,0,7,0,7,0,48.12,0,0,7531862.35,686001.99,2,5
3251,30839,5769,57,0,W,1170,30780,30839,0,9654,2,0,1,0,1,1,64.46,0,0,7612003.32,673517.85,2,5
3251,35530,5769,57,1,W,1240,35520,35530,0,146,2,0,4,0,4,0,81.37,0,0,7531865.91,686001.14,2,5
3251,39924,5769,57,0,W,1270,39780,39924,0,9654,2,0,2,0,2,0,97.74,0,0,7612124.98,673573.84,2,5
3251,45051,5769,57,1,W,1350,45000,45051,0,146,2,0,9,0,9,0,114.52,0,0,7531858.97,686000.64,2,5
3251,49767,5769,57,0,W,1380,49680,49767,0,9654,2,0,1,0,1,1,130.97,0,0,7612061.83,673473.51,2,5
3251,55609,5769,57,1,W,1470,55620,55609,0,146,2,0,5,0,5,0,147.76,0,0,7531847.01,686003.58,2,5
3251,60629,5769,57,0,W,1500,60480,60629,0,9654,2,1,1,0,1,0,164.13,0,0,7612128.71,673569.72,2,5
4219,20789,1704,17,1,W,1025,20760,20789,0,2685,2,0,0,0,0,1,6.1,0,0,7682392.71,671125.67,2,5
4219,26351,1704,17,0,W,1045,26400,26351,0,14188,2,0,0,0,0,0,22.69,0,0,7654648.2,702159.11,2,5
4219,33939,1704,17,1,W,1080,33900,33939,0,2685,2,0,1,0,1,0,40.47,0,0,7682346.97,671122.44,2,5
4219,40754,1704,17,0,W,1120,40740,40754,0,14188,2,0,0,0,0,0,57.06,0,0,7654539.53,702118.22,2,5
4219,48250,1704,17,1,W,1160,48240,48250,0,2685,2,0,0,0,0,0,72.51,0,0,7682349.56,671123.47,2,5
4219,54982,1704,17,0,W,1200,54960,54982,0,14188,2,0,4,5,4,1,89.51,0,0,7654545.91,702117.32,2,5
4219,62726,1704,17,1,W,1240,62700,62726,0,2685,2,0,1,0,1,0,104.96,0,0,7682349.41,671117.64,2,5
4219,69973,1704,17,0,W,1265,69960,69973,0,14188,2,0,0,0,0,0,121.57,0,0,7654536.67,702116.47,2,5
4219,75666,1704,17,1,W,1290,75660,75666,0,2685,2,0,1,0,1,0,137.0,0,0,7682414.47,671123.67,2,5
4219,81568,1704,17,0,W,1310,81540,81568,0,14188,2,0,0,0,0,0,153.62,0,0,7654536.76,702120.12,2,5
3549,24126,7003,70,0,W,1055,24120,24126,0,13477,2,0,0,0,0,0,3.6,0,0,7652721.95,655529.64,2,5
3549,29253,7003,70,1,W,1120,29220,29253,0,9368,2,0,0,0,0,0,19.18,0,0,7655404.37,708406.46,2,5
3549,34739,7003,70,0,W,1160,34740,34739,0,13477,2,0,1,0,1,0,34.63,0,0,7652662.66,655530.48,2,5
3549,39993,7003,70,1,W,1210,39960,39993,0,9368,2,0,1,0,1,0,50.17,0,0,7655406.68,708416.61,2,5
3549,45814,7003,70,0,W,1250,45540,45814,0,13477,2,0,2,0,2,0,66.52,0,0,7652654.52,655533.25,2,5
3549,50876,7003,70,1,W,1300,50880,50876,0,9368,2,0,1,0,1,0,83.18,0,0,7655413.62,708369.01,2,5
3549,56664,7003,70,0,W,1350,56640,56664,0,13477,2,0,4,0,4,0,98.54,0,0,7652660.52,655536.74,2,5
3549,62104,7003,70,1,W,1400,62100,62104,0,9368,2,0,1,0,1,0,114.07,0,0,7655404.36,708357.95,2,5
3549,67235,7003,70,0,W,1440,67200,67235,0,13477,2,0,2,0,2,0,128.92,0,0,7652655.62,655526.29,2,5
3549,69420,7003,70,1,W,1430,69360,69420,0,10986,2,1,5,0,4,1,136.04,0,0,7649997.49,686850.58,2,5
3549,72641,7003,70,0,W,1470,72540,72641,0,13477,2,0,2,0,2,0,142.74,0,0,7652654.43,655529.61,2,5
3549,77341,7003,70,1,W,1480,77280,77341,0,9368,2,0,1,0,1,0,158.27,0,0,7655403.95,708361.61,2,5
3646,49433,5274,52,0,W,1170,49440,49433,0,9985,2,0,2,0,2,0,4.15,0,0,7611943.81,673491.1,2,5
3646,53770,5274,52,1,W,1220,53760,53770,0,4429,2,0,6,0,6,0,15.07,0,0,7598138.93,701179.23,2,3
3646,58157,5274,52,0,W,1230,58080,58157,0,9985,2,0,0,0,0,0,25.82,0,0,7612246.22,673705.35,2,5
3646,62316,5274,52,1,W,1280,62340,62316,0,13700,2,0,1,0,1,0,36.57,0,0,7597953.81,701060.62,2,5
3646,67055,5274,52,0,W,1290,67080,67055,0,9985,2,1,0,0,0,0,47.4,0,0,7612211.56,673596.54,2,5
3646,70349,5274,52,1,W,1330,70440,70349,0,4429,2,0,0,0,2,1,58.12,0,0,7597948.34,701276.72,2,5
3646,74273,5274,52,0,W,1330,74280,74273,0,9985,2,0,0,0,0,0,68.97,0,0,7612256.86,673673.67,2,5
3256,23155,2073,20,1,W,1090,0,23155,0,0,2,0,0,0,0,0,3.06,0,0,7608795.9,671007.71,1,0
3256,29968,2073,20,0,W,1200,30900,29968,0,14202,2,0,1,0,1,0,29.15,0,0,7708174.69,675097.43,2,5
3256,38995,2073,20,1,W,1270,38940,38995,0,9654,2,0,3,0,3,0,54.55,0,0,7612158.08,673538.25,2,5
3256,47671,2073,20,0,W,1390,47700,47671,0,14202,2,0,2,0,2,0,80.52,0,0,7708130.67,675101.39,2,5
3256,56652,2073,20,1,W,1470,56580,56652,0,9654,2,1,5,0,5,0,105.89,0,0,7612128.04,673681.36,2,5
3256,65663,2073,20,0,W,1580,65640,65663,0,14202,2,0,1,0,1,0,131.86,0,0,7708098.19,675105.09,2,5
3411,27929,2601,26,1,W,1010,27900,27929,0,5824,2,0,4,0,4,1,6.42,0,0,7633452.1,690250.46,2,5
3411,50626,3902,39,1,W,1050,50640,50626,0,12731,2,0,0,0,0,0,19.3,0,0,7644744.77,657079.72,2,5
3411,51670,3902,39,0,W,1060,51540,51670,0,929,2,0,2,0,2,4,23.15,0,0,7639697.69,668292.72,2,5
3411,52784,3902,39,1,W,1060,52800,52784,0,12731,2,0,0,0,0,1,27.07,0,0,7644748.67,657081.44,2,5
3411,53725,3902,39,0,W,1070,53700,53725,0,929,2,0,4,0,4,1,30.89,0,0,7639676.14,668283.46,2,5
3411,55309,3902,39,1,W,1070,55320,55309,0,12731,2,0,0,0,0,0,34.84,0,0,7644748.64,657080.34,2,5
3411,56438,3902,39,0,W,1080,56280,56438,0,929,2,0,2,0,2,3,38.68,0,0,7639702.95,668297.32,2,5
3411,58071,3902,39,1,W,1080,58080,58071,0,12731,2,0,2,0,2,0,42.58,0,0,7644762.02,657071.96,2,5
3411,59416,3902,39,0,W,1090,59040,59416,0,929,2,0,0,0,0,2,46.43,0,0,7639706.04,668297.97,2,5
3411,60473,3902,39,1,W,1090,60480,60473,0,12731,2,0,0,0,0,3,50.36,0,0,7644746.55,657079.3,2,5
3411,61678,3902,39,0,W,1100,61500,61678,0,929,0,0,0,0,0,0,54.23,0,0,7639821.81,668375.07,2,5
3411,63290,3902,39,1,W,1100,63300,63290,0,12731,2,0,5,0,5,0,58.1,0,0,7644754.18,657076.55,2,5
3411,64346,3902,39,0,W,1110,64320,64346,0,929,2,0,0,0,1,4,61.95,0,0,7639700.35,668296.3,2,5
3411,66122,3902,39,1,W,1110,66120,66122,0,12731,2,0,1,0,1,0,65.87,0,0,7644747.3,657078.55,2,5
3411,67185,3902,39,0,W,1120,67080,67185,0,929,2,0,0,0,0,6,69.72,0,0,7639709.34,668296.42,2,5
3411,68445,3902,39,1,W,1120,68460,68445,0,12731,2,0,0,0,0,0,73.63,0,0,7644750.66,657079.19,2,5
3034,21572,7870,78,1,W,1010,21600,21572,0,9545,2,0,4,0,4,0,13.6,0,0,7645474.87,647093.84,2,5
3034,25673,7870,78,0,W,1020,25620,25673,0,9985,2,0,8,0,7,0,27.81,0,0,7612213.77,673601.95,2,5
3034,30084,7870,78,1,W,1030,30120,30084,0,9545,2,0,1,0,1,0,41.76,0,0,7645479.95,647091.88,2,5
3034,35150,7870,78,0,W,1050,35100,35150,0,9985,2,0,3,0,3,0,55.96,0,0,7612246.12,673656.84,2,5
3034,39219,7870,78,1,W,1070,39240,39219,0,9545,2,0,1,0,1,0,69.9,0,0,7645479.65,647090.07,2,5
3034,44030,7870,78,0,W,1090,43980,44030,0,9985,2,0,2,0,2,0,84.1,0,0,7612250.53,673658.54,2,5
3034,48225,7870,78,1,W,1110,48240,48225,0,9545,2,0,1,0,1,0,98.05,0,0,7645481.19,647090.02,2,5
3034,52984,7870,78,0,W,1140,52920,52984,0,9985,2,0,0,0,0,0,112.17,0,0,7612247.14,673656.81,2,5
3034,57132,7870,78,1,W,1160,57120,57132,0,9545,2,0,0,0,0,0,126.17,0,0,7645485.17,647095.02,2,5
3034,61987,7870,78,0,W,1190,61920,61987,0,9985,2,0,0,0,0,0,140.36,0,0,7612244.17,673660.54,2,5
3034,66310,7870,78,1,W,1200,66300,66310,0,9545,2,0,0,0,0,0,154.3,0,0,7645475.35,647092.73,2,5
3242,17039,2067,20,1,W,1030,16980,17039,0,9654,2,0,1,0,1,0,3.11,0,0,7612178.93,673621.55,2,5
3242,23055,2067,20,0,W,1120,23700,23055,0,14202,2,0,1,0,1,0,29.03,0,0,7708154.93,675097.17,2,5
3242,31893,2067,20,1,W,1190,31860,31893,0,9654,2,0,2,0,2,0,54.35,0,0,7612194.81,673683.83,2,5
3242,39080,2067,20,0,W,1300,39780,39080,0,14202,2,0,1,0,1,0,80.25,0,0,7708142.78,675103.66,2,5
3242,48855,2067,20,1,W,1380,48720,48855,0,9654,2,0,2,0,2,0,105.56,0,0,7612126.31,673575.63,2,5
3242,56949,2067,20,0,W,1510,57960,56949,0,14202,2,0,0,0,0,0,131.46,0,0,7708234.84,675092.71,2,5
3242,67092,2067,20,1,W,1580,67020,67092,0,9654,2,0,1,0,1,0,156.75,0,0,7611966.18,673466.02,2,5
3303,22103,2239,23,1,W,1010,22080,22103,0,10790,0,0,0,0,0,0,7.28,0,0,7687182.37,693638.02,2,5
3303,25124,2239,22,0,W,1030,25080,25124,0,8194,2,0,2,0,1,0,12.5,0,0,7673406.49,686243.01,2,5
3303,26018,2239,22,1,W,1040,26040,26018,0,6748,0,0,0,0,0,0,16.55,0,0,7684920.46,693483.99,2,5
3303,28367,2239,23,0,W,1020,28320,28367,0,8194,2,0,0,0,0,0,22.55,0,0,7673256.09,686376.33,2,5
3303,29565,2239,23,1,W,1030,29580,29565,0,10790,2,0,0,0,0,7,27.82,0,0,7687108.96,693921.42,2,5
3303,32310,2239,22,0,W,1070,32280,32310,0,8194,2,0,0,0,0,0,33.03,0,0,7673257.4,686377.39,2,5
3303,33307,2239,22,1,W,1080,33300,33307,0,6748,2,0,0,0,0,2,37.15,0,0,7684860.11,693530.0,2,5
3303,35614,2239,23,0,W,1040,35520,35614,0,8194,2,0,1,0,1,0,43.16,0,0,7673269.84,686312.51,2,5
3303,36796,2239,23,1,W,1050,36780,36796,0,10790,0,0,0,0,0,0,48.47,0,0,7687163.74,693754.47,2,5
3303,39517,2239,22,0,W,1110,39420,39517,0,8194,2,0,2,0,2,0,53.65,0,0,7673286.89,686257.37,2,5
3303,40593,2239,22,1,W,1120,40440,40593,0,6748,0,0,0,0,1,0,57.81,0,0,7684880.81,693517.81,2,5
3303,42836,2239,23,0,W,1060,42720,42836,0,8194,2,0,1,0,1,0,63.82,0,0,7673285.82,686255.57,2,5
3303,44185,2239,23,1,W,1070,44100,44185,0,10790,2,0,0,0,0,2,69.13,0,0,7687112.75,693919.5,2,5
3303,46608,2239,22,0,W,1150,46560,46608,0,8194,2,0,0,0,0,0,74.3,0,0,7673299.73,686198.32,2,5
3303,47722,2239,22,1,W,1160,47700,47722,0,6748,0,0,0,0,1,0,78.44,0,0,7684989.86,693410.77,2,5
3303,49997,2239,23,0,W,1080,49920,49997,0,8194,2,0,1,0,1,0,84.46,0,0,7673258.71,686378.45,2,5
3303,51322,2239,23,1,W,1090,51300,51322,0,10790,2,0,1,0,2,7,89.65,0,0,7687110.04,693923.58,2,5
3058,49831,7248,72,0,W,1500,49680,49831,0,13248,0,0,0,0,0,0,7.01,0,0,7671063.87,651731.95,2,5
3058,56237,7248,72,1,W,1680,56160,56237,0,115,2,0,3,0,3,0,23.64,0,0,7637661.76,696763.37,2,5
3058,62896,7248,72,0,W,1810,62700,62896,0,13248,2,0,5,0,5,0,40.17,0,0,7671238.36,651847.83,2,5
3330,20417,605,6,1,W,1040,20400,20417,0,1026,2,0,0,0,0,2,9.6,0,0,7643963.83,716332.84,2,5
3330,23409,605,6,0,W,1050,23400,23409,0,1114,2,0,2,0,2,0,21.66,0,0,7640007.84,682427.07,2,5
3330,28027,605,6,1,W,1140,28020,28027,0,1026,2,0,2,0,2,0,33.1,0,0,7644050.7,716544.6,2,5
3330,31480,605,6,0,W,1150,31320,31480,0,1114,2,0,5,0,6,3,45.2,0,0,7640015.49,682425.41,2,5
3330,35847,605,6,1,W,1230,35820,35847,0,1026,2,0,6,0,6,0,56.63,0,0,7643961.69,716329.25,2,5
3330,39413,605,6,0,W,1240,39360,39413,0,1114,2,0,3,0,3,1,68.71,0,0,7640005.7,682423.85,2,5
3330,43877,605,6,1,W,1320,43740,43877,0,1026,2,0,4,0,4,0,80.13,0,0,7644057.69,716538.22,2,5
3330,47555,605,6,0,W,1330,47520,47555,0,1114,2,0,2,0,2,1,92.22,0,0,7640009.66,682409.15,2,5
3330,52591,605,6,1,W,1420,52500,52591,0,1026,2,0,4,0,4,0,103.66,0,0,7644043.43,716483.89,2,5
3330,56573,605,6,0,W,1460,56460,56573,0,1114,2,0,3,0,3,0,115.73,0,0,7640023.91,682433.2,2,5
3330,62278,605,6,1,W,1550,62220,62278,0,1026,2,0,5,0,5,0,127.15,0,0,7644046.51,716522.1,2,5
3330,66163,605,6,0,W,1590,66000,66163,0,1114,2,0,3,0,3,0,139.22,0,0,7640014.49,682417.04,2,5
3929,18929,7240,99,1,W,1010,18900,18929,0,14019,2,0,1,0,1,0,14.58,0,0,7668358.53,610330.83,2,5
3929,23747,7240,99,0,W,1010,23640,23747,0,9573,2,0,1,0,1,0,32.32,0,0,7644697.84,685889.66,2,5
3929,29998,7240,72,0,W,1210,29940,29998,0,13248,2,0,1,0,1,0,59.37,0,0,7671217.07,651978.95,2,5
3929,36097,7240,72,1,W,1270,36000,36097,0,115,2,0,0,0,0,0,76.04,0,0,7637637.75,696822.38,2,5
3929,42043,7240,72,0,W,1380,41940,42043,0,13248,2,0,1,0,1,0,92.55,0,0,7671216.29,651938.48,2,5
3929,59835,2436,24,0,W,1210,59580,59835,0,8194,0,0,0,0,0,0,122.41,0,0,7673425.68,686171.4,2,5
3929,63617,2436,24,1,W,1230,63600,63617,0,1113,2,0,1,0,1,0,134.1,0,0,7640521.62,682225.65,2,5
3929,69017,2436,24,0,W,1260,69000,69017,0,8194,2,0,1,0,1,0,145.99,0,0,7673257.21,686370.1,2,5
3929,73590,2436,24,1,W,1280,73560,73590,0,1113,2,0,4,0,3,0,157.79,0,0,7640579.11,682199.29,2,5
3721,53064,5538,155,0,W,1180,52800,53064,0,13248,2,0,4,0,5,1,9.54,0,0,7671165.56,651772.38,2,5
3721,54407,5538,155,1,W,1180,54120,54407,0,13888,2,0,0,0,0,4,15.01,0,0,7692309.16,648032.97,2,5
3721,56251,5538,155,0,W,1200,56160,56251,0,13248,2,0,2,0,2,1,20.52,0,0,7671237.17,651851.51,2,5
3721,57673,5538,155,1,W,1200,57540,57673,0,13888,2,0,1,0,1,4,26.0,0,0,7692310.08,648039.14,2,5
3721,60025,5538,155,0,W,1220,59880,60025,0,13248,2,0,5,0,5,0,31.52,0,0,7671233.41,651885.16,2,5
3721,61366,5538,155,1,W,1220,61260,61366,0,13888,2,0,2,0,2,2,37.0,0,0,7692310.6,648039.13,2,5
3721,63522,5538,155,0,W,1240,63420,63522,0,13248,2,0,1,0,1,0,42.52,0,0,7671233.6,651872.39,2,5
3721,64811,5538,155,1,W,1240,64800,64811,0,13888,2,0,1,0,1,3,48.0,0,0,7692309.38,648042.08,2,5
3721,67461,5538,155,0,W,1260,67320,67461,0,13248,2,0,4,0,4,0,53.51,0,0,7671233.26,651849.06,2,5
3721,68628,5538,155,1,W,1260,68580,68628,0,13888,2,0,1,0,1,2,58.99,0,0,7692313.21,648040.89,2,5
2927,23594,9473,94,1,W,1070,23520,23594,0,14108,2,0,0,0,0,3,13.39,0,0,7600520.61,625021.5,2,5
2927,52856,4368,43,1,W,1040,52080,52856,0,9650,2,0,1,0,1,2,47.84,0,0,7617405.43,659353.58,2,5
2927,55397,4368,43,0,W,1040,54960,55397,0,10491,2,0,1,0,1,1,58.67,0,0,7642761.93,679690.97,2,5
2927,59644,4368,43,1,W,1060,59580,59644,0,9650,2,0,2,0,2,0,69.3,0,0,7617351.28,659272.31,2,5
2927,62780,4368,43,0,W,1060,62760,62780,0,10491,2,0,0,0,0,0,80.12,0,0,7642755.57,679692.96,2,5
3932,49988,8740,87,0,W,1180,49800,49988,0,8194,2,0,1,0,1,1,3.06,0,0,7673300.86,686192.09,2,5
3932,52614,8740,87,1,W,1200,52620,52614,0,4522,2,0,1,0,2,2,14.53,0,0,7696062.58,670797.39,2,5
3932,57082,8740,87,0,W,1220,57000,57082,0,8194,2,0,1,0,1,0,26.17,0,0,7673258.99,686369.32,2,5
3932,60139,8740,87,1,W,1240,59820,60139,0,4522,2,0,1,0,1,1,37.63,0,0,7696059.39,670792.73,2,5
3932,64279,8740,87,0,W,1260,64200,64279,0,8194,2,0,1,0,1,0,49.53,0,0,7673312.08,686139.65,2,5
2906,47097,7677,76,0,W,1110,47040,47097,0,9985,2,0,0,0,0,0,3.51,0,0,7612172.05,673560.46,2,5
2906,51560,7677,76,1,W,1130,51540,51560,0,3868,2,0,0,0,0,0,15.61,0,0,7625976.57,631862.51,2,5
2906,56825,7677,76,0,W,1160,56760,56825,0,9985,2,0,0,0,0,0,28.04,0,0,7612178.28,673553.72,2,5
2906,61370,7677,76,1,W,1180,61320,61370,0,3868,2,0,0,0,0,0,40.14,0,0,7625980.75,631855.83,2,5
2906,66171,7677,76,0,W,1210,66060,66171,0,9985,2,0,0,0,0,0,52.55,0,0,7612176.48,673553.77,2,5
2906,70529,7677,76,1,W,1230,70500,70529,0,3868,2,0,0,0,0,0,64.63,0,0,7625980.91,631861.3,2,5
4039,27461,7516,75,1,W,1070,27420,27461,0,10697,2,0,1,0,1,1,11.81,0,0,7623043.87,713727.34,2,5
4039,34012,7516,75,0,W,1120,34020,34012,0,13482,2,0,1,0,1,0,31.69,0,0,7652798.37,655700.86,2,5
4039,41891,7516,75,1,W,1230,41940,41891,0,10697,2,0,4,0,4,0,51.63,0,0,7623013.02,713722.73,2,5
4039,49206,7516,75,0,W,1290,49080,49206,0,13482,2,0,1,0,1,0,70.98,0,0,7652804.58,655702.52,2,5
4039,57599,7516,75,1,W,1410,57480,57599,0,10697,2,0,2,0,2,0,90.38,0,0,7623015.86,713723.75,2,5
4039,65650,7516,75,0,W,1470,65640,65650,0,13482,2,0,1,0,1,0,110.26,0,0,7652794.01,655710.46,2,5
4039,74116,7516,75,1,W,1550,74100,74116,0,10697,2,0,2,0,2,0,129.68,0,0,7623014.05,713713.95,2,5
4039,79848,7516,75,0,W,1580,79980,79848,0,13482,2,0,1,0,1,0,149.04,0,0,7652811.35,655657.85,2,5
4039,86519,7516,75,1,W,1630,86520,86519,0,10697,2,0,0,0,0,0,168.47,0,0,7623103.0,713754.14,2,5
3502,21518,7517,75,0,W,1013,21420,21518,0,13482,0,0,0,0,0,0,3.14,0,0,7652797.73,655560.46,2,5
3502,28561,7517,75,1,W,1080,28320,28561,0,10697,2,0,1,0,1,0,22.36,0,0,7623020.75,713724.71,2,5
3502,35112,7517,75,0,W,1130,34920,35112,0,13482,2,0,0,0,0,0,42.05,0,0,7652800.66,655700.07,2,5
3502,42944,7517,75,1,W,1240,42840,42944,0,10697,2,0,0,0,0,0,61.79,0,0,7623015.76,713720.1,2,5
3502,50157,7517,75,0,W,1300,49980,50157,0,13482,2,0,0,0,0,0,80.93,0,0,7652795.66,655704.95,2,5
3502,58420,7517,75,1,W,1420,58380,58420,0,10697,2,0,1,0,1,0,100.15,0,0,7623015.02,713721.22,2,5
4027,33037,7504,75,1,W,1130,32820,33037,0,10697,2,0,1,0,1,1,11.75,0,0,7623138.12,713847.26,2,5
4027,39411,7504,75,0,W,1180,39360,39411,0,13482,2,0,1,0,1,0,31.42,0,0,7652800.22,655702.64,2,5
4027,47397,7504,75,1,W,1290,47340,47397,0,10697,2,0,2,0,2,0,50.7,0,0,7623131.22,713865.69,2,5
4027,54398,7504,75,0,W,1350,54360,54398,0,13482,2,0,0,0,0,0,69.81,0,0,7652792.4,655746.61,2,5
3951,19809,2235,22,1,W,1010,19800,19809,0,6748,2,0,0,0,0,1,7.0,0,0,7684853.52,693522.87,2,5
3951,21850,2235,22,0,W,1010,21720,21850,0,8194,2,0,0,0,0,0,12.99,0,0,7673312.67,686132.7,2,5
3951,22744,2235,22,1,W,1020,22680,22744,0,6748,0,0,0,0,1,0,17.1,0,0,7684898.59,693500.95,2,5
3951,24819,2235,23,0,W,1010,24720,24819,0,8194,2,0,1,0,1,0,23.07,0,0,7673310.13,686133.5,2,5
3951,25978,2235,23,1,W,1020,25980,25978,0,10790,2,0,1,0,1,4,28.33,0,0,7687076.22,693924.06,2,5
3951,28804,2235,22,0,W,1050,28740,28804,0,8194,2,0,2,0,2,0,33.51,0,0,7673309.52,686139.71,2,5
3951,29887,2235,22,1,W,1060,29760,29887,0,6748,0,0,0,0,2,0,37.71,0,0,7685024.49,693370.88,2,5
3951,31987,2235,23,0,W,1030,31920,31987,0,8194,2,0,1,0,1,0,43.67,0,0,7673301.57,686200.1,2,5
3951,33274,2235,23,1,W,1040,33180,33274,0,10790,2,0,2,0,2,2,48.93,0,0,7687082.54,693920.25,2,5
3951,35997,2235,22,0,W,1090,35880,35997,0,8194,2,0,0,0,0,0,54.11,0,0,7673313.52,686135.96,2,5
3951,37117,2235,22,1,W,1100,36900,37117,0,6748,0,0,0,0,0,0,58.23,0,0,7684891.21,693513.54,2,5
3951,39220,2235,23,0,W,1050,39120,39220,0,8194,2,0,1,0,1,0,64.19,0,0,7673312.02,686127.25,2,5
3951,40457,2235,23,1,W,1060,40500,40457,0,10790,0,0,0,0,0,0,69.56,0,0,7687170.54,693646.71,2,5
3951,43041,2235,22,0,W,1130,42960,43041,0,8194,2,0,0,0,0,0,74.69,0,0,7673312.25,686136.36,2,5
3951,44151,2235,22,1,W,1140,44100,44151,0,6748,0,0,0,0,0,0,78.86,0,0,7684833.09,693577.0,2,5
3951,46565,2235,23,0,W,1070,46380,46565,0,8194,2,0,1,0,1,0,84.84,0,0,7673309.34,686132.79,2,5
3951,48008,2235,23,1,W,1080,47760,48008,0,10790,0,0,0,0,1,0,90.17,0,0,7687149.74,693655.25,2,5
